lat,lon,hg_ppm
-58.0,-72.0,2.881583394522723
-58.0,-71.5,2.9115054486189367
-58.0,-71.0,2.8784792739991003
-58.0,-70.5,2.757812723609914
-58.0,-70.0,2.610421747239877
-58.0,-69.5,2.493032048643785
-58.0,-69.0,2.395802631518604
-58.0,-68.5,2.3102891128056964
-58.0,-68.0,2.1623371178627298
-58.0,-67.5,2.060086495802729
-58.0,-67.0,1.905868953036887
-58.0,-66.5,1.8123902212780578
-58.0,-66.0,1.6773625707411541
-58.0,-65.5,1.5028275046373676
-58.0,-65.0,1.4020610878170925
-58.0,-64.5,1.3126915852741383
-58.0,-64.0,1.2586828643640458
-58.0,-63.5,1.2585859431778181
-58.0,-63.0,1.2128174877220954
-58.0,-62.5,1.2074345941979405
-58.0,-62.0,1.2247118635570458
-58.0,-61.5,1.259159336610229
-58.0,-61.0,1.3733783380382352
-58.0,-60.5,1.4885002389274986
-58.0,-60.0,1.6282962876342904
-58.0,-59.5,1.7601943874926278
-58.0,-59.0,1.862292126384418
-58.0,-58.5,2.0409651448490966
-58.0,-58.0,2.157489904620747
-58.0,-57.5,2.3051539168008
-58.0,-57.0,2.4205934255112003
-58.0,-56.5,2.5555542886028344
-58.0,-56.0,2.6689900295834126
-58.0,-55.5,2.8236951247108415
-58.0,-55.0,2.861767240198258
-58.0,-54.5,2.8876214560859084
-58.0,-54.0,2.8555915090686934
-57.5,-72.0,3.4433075006461973
-57.5,-71.5,3.5081385080895835
-57.5,-71.0,3.4368454786213807
-57.5,-70.5,3.308020931711611
-57.5,-70.0,3.1959779515360607
-57.5,-69.5,3.0960285197453783
-57.5,-69.0,3.038974579339744
-57.5,-68.5,2.916017624787958
-57.5,-68.0,2.7877382164700757
-57.5,-67.5,2.5934753135303685
-57.5,-67.0,2.477300798131361
-57.5,-66.5,2.356537263866373
-57.5,-66.0,2.2368336689654953
-57.5,-65.5,2.157906989129781
-57.5,-65.0,2.036015659578441
-57.5,-64.5,1.959758978225511
-57.5,-64.0,1.9093972795520362
-57.5,-63.5,1.8330168850446433
-57.5,-63.0,1.8474471285438776
-57.5,-62.5,1.7955265513930352
-57.5,-62.0,1.7946442412830856
-57.5,-61.5,1.8449859973751275
-57.5,-61.0,1.9281658038130016
-57.5,-60.5,2.0595158237219096
-57.5,-60.0,2.17834842513029
-57.5,-59.5,2.3124612512910616
-57.5,-59.0,2.454156700086626
-57.5,-58.5,2.587374689850483
-57.5,-58.0,2.7669069854137898
-57.5,-57.5,2.8905813105599987
-57.5,-57.0,3.037492609634307
-57.5,-56.5,3.138878398330307
-57.5,-56.0,3.292238598521454
-57.5,-55.5,3.368671274788511
-57.5,-55.0,3.4162373562720076
-57.5,-54.5,3.4058135169535824
-57.5,-54.0,3.442253715378617
-57.0,-72.0,3.97122559320168
-57.0,-71.5,3.974852434681663
-57.0,-71.0,3.9531644384316813
-57.0,-70.5,3.819077993245765
-57.0,-70.0,3.7189692622853174
-57.0,-69.5,3.6325369286228204
-57.0,-69.0,3.5599964550447134
-57.0,-68.5,3.4288992453909093
-57.0,-68.0,3.2679886719273665
-57.0,-67.5,3.108476352699155
-57.0,-67.0,2.947004679393449
-57.0,-66.5,2.8209530548338537
-57.0,-66.0,2.7139505585619474
-57.0,-65.5,2.6084365115404977
-57.0,-65.0,2.5596555547403
-57.0,-64.5,2.4640175556752144
-57.0,-64.0,2.3588312841088106
-57.0,-63.5,2.355993055821462
-57.0,-63.0,2.3060751387263205
-57.0,-62.5,2.304989298145146
-57.0,-62.0,2.305657586127546
-57.0,-61.5,2.3531127484992984
-57.0,-61.0,2.457385270311049
-57.0,-60.5,2.540357565954698
-57.0,-60.0,2.656570144022033
-57.0,-59.5,2.778564499259731
-57.0,-59.0,2.921540968312072
-57.0,-58.5,3.1105280977069762
-57.0,-58.0,3.271155440641635
-57.0,-57.5,3.428209463745797
-57.0,-57.0,3.561395341546395
-57.0,-56.5,3.63782688395839
-57.0,-56.0,3.7426301220817084
-57.0,-55.5,3.828345866257039
-57.0,-55.0,3.8492955880427795
-57.0,-54.5,3.882051965522798
-57.0,-54.0,3.8989339692633487
-56.5,-72.0,4.413483487471874
-56.5,-71.5,4.491526679782643
-56.5,-71.0,4.438182275024935
-56.5,-70.5,4.355417812189309
-56.5,-70.0,4.237337247265468
-56.5,-69.5,4.166955697883585
-56.5,-69.0,4.056610523509575
-56.5,-68.5,3.9581579254069017
-56.5,-68.0,3.7806808252477806
-56.5,-67.5,3.6310225635856965
-56.5,-67.0,3.4800293562622517
-56.5,-66.5,3.3103041382069653
-56.5,-66.0,3.172268621289765
-56.5,-65.5,3.089036073878768
-56.5,-65.0,3.0098047307102553
-56.5,-64.5,2.920350210374344
-56.5,-64.0,2.849939983378831
-56.5,-63.5,2.763011305446616
-56.5,-63.0,2.794205421950115
-56.5,-62.5,2.7496513896142627
-56.5,-62.0,2.7680945410764557
-56.5,-61.5,2.844144653753057
-56.5,-61.0,2.950312301261338
-56.5,-60.5,3.0630159606509495
-56.5,-60.0,3.1345977798710556
-56.5,-59.5,3.295504095585358
-56.5,-59.0,3.449190476033283
-56.5,-58.5,3.61497956300237
-56.5,-58.0,3.793998887103484
-56.5,-57.5,3.9639306831740386
-56.5,-57.0,4.032469466942833
-56.5,-56.5,4.1250133532133635
-56.5,-56.0,4.191975297915646
-56.5,-55.5,4.292845897248029
-56.5,-55.0,4.347241872302523
-56.5,-54.5,4.398058781518447
-56.5,-54.0,4.421077797984364
-56.0,-72.0,4.910418301976229
-56.0,-71.5,4.920192880624305
-56.0,-71.0,4.925707258822243
-56.0,-70.5,4.802737231902863
-56.0,-70.0,4.721264873668972
-56.0,-69.5,4.621300260156244
-56.0,-69.0,4.580529390152641
-56.0,-68.5,4.42637717300188
-56.0,-68.0,4.300397905565868
-56.0,-67.5,4.128765393716886
-56.0,-67.0,3.962551855248169
-56.0,-66.5,3.834528767786333
-56.0,-66.0,3.6873023267504355
-56.0,-65.5,3.5984327374570384
-56.0,-65.0,3.500397965125892
-56.0,-64.5,3.3943516966790654
-56.0,-64.0,3.278650578141961
-56.0,-63.5,3.2680494234848925
-56.0,-63.0,3.2391137817655937
-56.0,-62.5,3.2389981270596335
-56.0,-62.0,3.2339335676854297
-56.0,-61.5,3.311288235107707
-56.0,-61.0,3.4221928884801995
-56.0,-60.5,3.5154354322108747
-56.0,-60.0,3.6391924506789195
-56.0,-59.5,3.7833186077577277
-56.0,-59.0,3.9661539190654937
-56.0,-58.5,4.104717415490862
-56.0,-58.0,4.276887956558727
-56.0,-57.5,4.392542635860937
-56.0,-57.0,4.546707305121477
-56.0,-56.5,4.57331307465879
-56.0,-56.0,4.696145110817049
-56.0,-55.5,4.7942166934231265
-56.0,-55.0,4.912067819016688
-56.0,-54.5,4.943165212664779
-56.0,-54.0,4.916029537084504
-55.5,-72.0,5.343568669598937
-55.5,-71.5,5.365646079383146
-55.5,-71.0,5.322485689671024
-55.5,-70.5,5.239581655682071
-55.5,-70.0,5.136363385618356
-55.5,-69.5,5.090337987073196
-55.5,-69.0,5.004372146880405
-55.5,-68.5,4.914985187512174
-55.5,-68.0,4.730432103154688
-55.5,-67.5,4.556305073578657
-55.5,-67.0,4.406470613090608
-55.5,-66.5,4.27489342025367
-55.5,-66.0,4.183619986553048
-55.5,-65.5,4.063202039959521
-55.5,-65.0,3.9445800759783385
-55.5,-64.5,3.807961556152005
-55.5,-64.0,3.7124548183689123
-55.5,-63.5,3.694535612307785
-55.5,-63.0,3.736743627309099
-55.5,-62.5,3.7297620242942173
-55.5,-62.0,3.720356943595661
-55.5,-61.5,3.7568848971534172
-55.5,-61.0,3.8545570510311498
-55.5,-60.5,3.9437356032637974
-55.5,-60.0,4.079603879483793
-55.5,-59.5,4.275147006649626
-55.5,-59.0,4.4307844925909565
-55.5,-58.5,4.571089471042886
-55.5,-58.0,4.672036771082131
-55.5,-57.5,4.844159156230435
-55.5,-57.0,4.929860536609629
-55.5,-56.5,5.04634012245483
-55.5,-56.0,5.138256460008226
-55.5,-55.5,5.292242127532172
-55.5,-55.0,5.389707926526963
-55.5,-54.5,5.426150224479226
-55.5,-54.0,5.385193724357393
-55.0,-72.0,5.694954601749008
-55.0,-71.5,5.689164918732575
-55.0,-71.0,5.669841457589606
-55.0,-70.5,5.58007646089536
-55.0,-70.0,5.523392894618919
-55.0,-69.5,5.4553610312192164
-55.0,-69.0,5.402201960499573
-55.0,-68.5,5.258335283338944
-55.0,-68.0,5.100703134393919
-55.0,-67.5,4.908055373575057
-55.0,-67.0,4.7456344583681975
-55.0,-66.5,4.634269598819542
-55.0,-66.0,4.526227316166154
-55.0,-65.5,4.422500391177552
-55.0,-65.0,4.282019733483188
-55.0,-64.5,4.137700116272252
-55.0,-64.0,4.076840248622921
-55.0,-63.5,4.084030666994308
-55.0,-63.0,4.143498026916886
-55.0,-62.5,4.154729115910261
-55.0,-62.0,4.151916491572993
-55.0,-61.5,4.164583346624293
-55.0,-61.0,4.207941889735762
-55.0,-60.5,4.323690299050343
-55.0,-60.0,4.460363116439769
-55.0,-59.5,4.642741841734942
-55.0,-59.0,4.813749761452978
-55.0,-58.5,4.913767235333998
-55.0,-58.0,5.04705118595433
-55.0,-57.5,5.161856588017585
-55.0,-57.0,5.297558001825673
-55.0,-56.5,5.3701585296641765
-55.0,-56.0,5.491048183626688
-55.0,-55.5,5.623179707951629
-55.0,-55.0,5.731904879793204
-55.0,-54.5,5.749814790384452
-55.0,-54.0,5.704759886721424
-54.5,-72.0,5.890689908210813
-54.5,-71.5,5.919831847428216
-54.5,-71.0,5.879034165310582
-54.5,-70.5,5.814687475306632
-54.5,-70.0,5.744903993550503
-54.5,-69.5,5.696648778042461
-54.5,-69.0,5.599194958148397
-54.5,-68.5,5.48709961437704
-54.5,-68.0,5.328330648400997
-54.5,-67.5,5.145609853818167
-54.5,-67.0,4.982881936450941
-54.5,-66.5,4.868933377731402
-54.5,-66.0,4.760081669292964
-54.5,-65.5,4.646908329029267
-54.5,-65.0,4.495365185845961
-54.5,-64.5,4.378291158234902
-54.5,-64.0,4.320100331902445
-54.5,-63.5,4.351846408948854
-54.5,-63.0,4.391088226491524
-54.5,-62.5,4.410736495033366
-54.5,-62.0,4.389431211233213
-54.5,-61.5,4.39491826267733
-54.5,-61.0,4.446911185646706
-54.5,-60.5,4.527158691336977
-54.5,-60.0,4.6837276182018375
-54.5,-59.5,4.862939468563138
-54.5,-59.0,4.9857660497564265
-54.5,-58.5,5.135687652019712
-54.5,-58.0,5.268241904545498
-54.5,-57.5,5.411182013388367
-54.5,-57.0,5.524426632545494
-54.5,-56.5,5.605309780696347
-54.5,-56.0,5.690542006904344
-54.5,-55.5,5.830952732923743
-54.5,-55.0,5.909946585001499
-54.5,-54.5,5.909569997894909
-54.5,-54.0,5.920225818474593
-54.0,-72.0,5.971644406273229
-54.0,-71.5,5.943962253115101
-54.0,-71.0,5.941500606107185
-54.0,-70.5,5.874951702633434
-54.0,-70.0,5.807015837606575
-54.0,-69.5,5.726023610597013
-54.0,-69.0,5.6447783979377215
-54.0,-68.5,5.513392273256801
-54.0,-68.0,5.391074796324103
-54.0,-67.5,5.224672021818347
-54.0,-67.0,5.053016498510237
-54.0,-66.5,4.9312961210433865
-54.0,-66.0,4.830846373242051
-54.0,-65.5,4.685310912186872
-54.0,-65.0,4.546631803105532
-54.0,-64.5,4.4285395458788335
-54.0,-64.0,4.396249977493449
-54.0,-63.5,4.434284952287066
-54.0,-63.0,4.462379331357901
-54.0,-62.5,4.450779688284165
-54.0,-62.0,4.433177630537693
-54.0,-61.5,4.431891822163731
-54.0,-61.0,4.483486264500997
-54.0,-60.5,4.614521589017637
-54.0,-60.0,4.7678563784643
-54.0,-59.5,4.942081111068647
-54.0,-59.0,5.090817398361884
-54.0,-58.5,5.202607037548453
-54.0,-58.0,5.379678795566317
-54.0,-57.5,5.52321091931012
-54.0,-57.0,5.631235543060327
-54.0,-56.5,5.728957840815668
-54.0,-56.0,5.8225030744957875
-54.0,-55.5,5.917610431506702
-54.0,-55.0,5.974277958378344
-54.0,-54.5,6.0
-54.0,-54.0,5.939699582746749
-53.5,-72.0,5.814412552517579
-53.5,-71.5,5.839054616061405
-53.5,-71.0,5.8131249713211055
-53.5,-70.5,5.795953008409415
-53.5,-70.0,5.734963427853687
-53.5,-69.5,5.6428239641751015
-53.5,-69.0,5.50495302511599
-53.5,-68.5,5.408306315968944
-53.5,-68.0,5.261111849061808
-53.5,-67.5,5.096858968846606
-53.5,-67.0,4.948847785027132
-53.5,-66.5,4.837633459512743
-53.5,-66.0,4.737434650981261
-53.5,-65.5,4.619895353960493
-53.5,-65.0,4.470315998940662
-53.5,-64.5,4.355262136405574
-53.5,-64.0,4.323701997867619
-53.5,-63.5,4.319806319660957
-53.5,-63.0,4.367899716101808
-53.5,-62.5,4.3632716663776385
-53.5,-62.0,4.340329224038973
-53.5,-61.5,4.342412150780937
-53.5,-61.0,4.424879627796331
-53.5,-60.5,4.529024205965511
-53.5,-60.0,4.732189080155424
-53.5,-59.5,4.908199106907683
-53.5,-59.0,5.012598168329395
-53.5,-58.5,5.148961827969233
-53.5,-58.0,5.30795240482555
-53.5,-57.5,5.430443078722638
-53.5,-57.0,5.582042514289289
-53.5,-56.5,5.694081810697377
-53.5,-56.0,5.786400370234451
-53.5,-55.5,5.876871088170841
-53.5,-55.0,5.949133372030933
-53.5,-54.5,5.895112914636968
-53.5,-54.0,5.88990724556145
-53.0,-72.0,5.631870216812376
-53.0,-71.5,5.5851546859527
-53.0,-71.0,5.598173323438255
-53.0,-70.5,5.581936215375991
-53.0,-70.0,5.522383790576564
-53.0,-69.5,5.420429558219784
-53.0,-69.0,5.323929763489834
-53.0,-68.5,5.144506803455437
-53.0,-68.0,5.024292831484985
-53.0,-67.5,4.852781150667639
-53.0,-67.0,4.692707304782365
-53.0,-66.5,4.62256235877172
-53.0,-66.0,4.530667747912396
-53.0,-65.5,4.427896332104394
-53.0,-65.0,4.280113453085756
-53.0,-64.5,4.167806816546009
-53.0,-64.0,4.0588665767971825
-53.0,-63.5,4.07273200288554
-53.0,-63.0,4.099772250330465
-53.0,-62.5,4.14240433976512
-53.0,-62.0,4.155139458967531
-53.0,-61.5,4.154998683822095
-53.0,-61.0,4.193071081324557
-53.0,-60.5,4.355851567942457
-53.0,-60.0,4.490171681564141
-53.0,-59.5,4.685400795451153
-53.0,-59.0,4.7761515307672555
-53.0,-58.5,4.9049225390771936
-53.0,-58.0,5.0403487630687085
-53.0,-57.5,5.216040185332501
-53.0,-57.0,5.319046493655874
-53.0,-56.5,5.481405181192906
-53.0,-56.0,5.538992495025367
-53.0,-55.5,5.654954356613477
-53.0,-55.0,5.700698600195557
-53.0,-54.5,5.732373506174862
-53.0,-54.0,5.636343915590433
-52.5,-72.0,5.325066469689164
-52.5,-71.5,5.344690743227597
-52.5,-71.0,5.301052933786361
-52.5,-70.5,5.263542996004587
-52.5,-70.0,5.201275605238864
-52.5,-69.5,5.100469806640911
-52.5,-69.0,4.962064992995488
-52.5,-68.5,4.860492797013747
-52.5,-68.0,4.6806460914631485
-52.5,-67.5,4.501275195654983
-52.5,-67.0,4.370357690050898
-52.5,-66.5,4.236806793898226
-52.5,-66.0,4.165592811150016
-52.5,-65.5,4.038753855718875
-52.5,-65.0,3.920094573323022
-52.5,-64.5,3.7630019655459916
-52.5,-64.0,3.702789506654815
-52.5,-63.5,3.6775096587695817
-52.5,-63.0,3.7415531681696
-52.5,-62.5,3.7898810395725135
-52.5,-62.0,3.81256858745833
-52.5,-61.5,3.804402458181661
-52.5,-61.0,3.876123676716254
-52.5,-60.5,3.9619930679315645
-52.5,-60.0,4.15786228681001
-52.5,-59.5,4.272879305989872
-52.5,-59.0,4.404836044612316
-52.5,-58.5,4.499841747826798
-52.5,-58.0,4.704353653694649
-52.5,-57.5,4.804079050520199
-52.5,-57.0,5.007985078771792
-52.5,-56.5,5.089819949340318
-52.5,-56.0,5.178230337081403
-52.5,-55.5,5.23401734145273
-52.5,-55.0,5.366716481823599
-52.5,-54.5,5.359232295772475
-52.5,-54.0,5.365652958401888
-52.0,-72.0,4.996271258444629
-52.0,-71.5,4.9652789934530634
-52.0,-71.0,4.939412048805477
-52.0,-70.5,4.867590405037025
-52.0,-70.0,4.756629264781489
-52.0,-69.5,4.6332822130554225
-52.0,-69.0,4.547095953173108
-52.0,-68.5,4.411229339139885
-52.0,-68.0,4.276347038074253
-52.0,-67.5,4.111797799758354
-52.0,-67.0,3.9003149244203894
-52.0,-66.5,3.7953646761337625
-52.0,-66.0,3.6401667009031518
-52.0,-65.5,3.5514058689687142
-52.0,-65.0,3.412601885594839
-52.0,-64.5,3.308481572392078
-52.0,-64.0,3.2530541595375997
-52.0,-63.5,3.2918918224874876
-52.0,-63.0,3.3332231237561953
-52.0,-62.5,3.3511879165470875
-52.0,-62.0,3.37244478067642
-52.0,-61.5,3.3789033908129973
-52.0,-61.0,3.4428499633213474
-52.0,-60.5,3.581668537771962
-52.0,-60.0,3.6792903445490346
-52.0,-59.5,3.8651781656124875
-52.0,-59.0,3.957123165728257
-52.0,-58.5,4.130066476046404
-52.0,-58.0,4.228137125532051
-52.0,-57.5,4.435819741269147
-52.0,-57.0,4.543050424776232
-52.0,-56.5,4.706130239702233
-52.0,-56.0,4.715620809758107
-52.0,-55.5,4.812161581855727
-52.0,-55.0,4.87545321731879
-52.0,-54.5,4.949667634134412
-52.0,-54.0,4.962170773085217
-51.5,-72.0,4.510185680696586
-51.5,-71.5,4.494775681675964
-51.5,-71.0,4.427442973668981
-51.5,-70.5,4.385132714328411
-51.5,-70.0,4.291863976271904
-51.5,-69.5,4.164482913357817
-51.5,-69.0,4.038637881330966
-51.5,-68.5,3.9448616882481966
-51.5,-68.0,3.7950690537899683
-51.5,-67.5,3.597795124074349
-51.5,-67.0,3.461040026987615
-51.5,-66.5,3.2830576794795663
-51.5,-66.0,3.1890107043081017
-51.5,-65.5,3.0834414530751717
-51.5,-65.0,2.96458505115715
-51.5,-64.5,2.8715357968816164
-51.5,-64.0,2.833635881242802
-51.5,-63.5,2.871029638683678
-51.5,-63.0,2.8788148893283565
-51.5,-62.5,2.869575117561162
-51.5,-62.0,2.8570696172248495
-51.5,-61.5,2.894869557919863
-51.5,-61.0,3.0079008970360728
-51.5,-60.5,3.098820252928852
-51.5,-60.0,3.2208732912451663
-51.5,-59.5,3.3667439686286347
-51.5,-59.0,3.5452503404274816
-51.5,-58.5,3.641993611749607
-51.5,-58.0,3.8018020653015245
-51.5,-57.5,3.9138354226299983
-51.5,-57.0,4.097024946974292
-51.5,-56.5,4.196912398822448
-51.5,-56.0,4.282049579910935
-51.5,-55.5,4.299544476899135
-51.5,-55.0,4.381390689518842
-51.5,-54.5,4.439780076073648
-51.5,-54.0,4.514131488792917
-51.0,-72.0,4.007996054087107
-51.0,-71.5,3.919747486748255
-51.0,-71.0,3.9135290906974123
-51.0,-70.5,3.87335069781687
-51.0,-70.0,3.835876003244239
-51.0,-69.5,3.691214529025835
-51.0,-69.0,3.5621848750743377
-51.0,-68.5,3.3927323318688294
-51.0,-68.0,3.238138274506397
-51.0,-67.5,3.0946442566970096
-51.0,-67.0,2.930131500028243
-51.0,-66.5,2.8489713533407355
-51.0,-66.0,2.741113918559714
-51.0,-65.5,2.6571892681993132
-51.0,-65.0,2.5535713546938323
-51.0,-64.5,2.4335022067064704
-51.0,-64.0,2.404573788230651
-51.0,-63.5,2.3975880087307613
-51.0,-63.0,2.3838536311850618
-51.0,-62.5,2.3609632178733366
-51.0,-62.0,2.3614786859626165
-51.0,-61.5,2.401159254026138
-51.0,-61.0,2.5293145315792693
-51.0,-60.5,2.6287456757106664
-51.0,-60.0,2.6938952045096456
-51.0,-59.5,2.874422329734461
-51.0,-59.0,3.0324369042259907
-51.0,-58.5,3.165887750139341
-51.0,-58.0,3.252219990538987
-51.0,-57.5,3.413550910989105
-51.0,-57.0,3.5457508512108276
-51.0,-56.5,3.687946485179644
-51.0,-56.0,3.751531098993187
-51.0,-55.5,3.8241223517752174
-51.0,-55.0,3.8649560652018957
-51.0,-54.5,3.9517762137031394
-51.0,-54.0,4.000632566444526
-50.5,-72.0,3.4564845968633575
-50.5,-71.5,3.449403488202326
-50.5,-71.0,3.4071536226281283
-50.5,-70.5,3.4270138652221163
-50.5,-70.0,3.3396591536432396
-50.5,-69.5,3.2187991166657053
-50.5,-69.0,3.026935153474469
-50.5,-68.5,2.8742096968927457
-50.5,-68.0,2.7069299159329296
-50.5,-67.5,2.5743897920652126
-50.5,-67.0,2.4708518225738074
-50.5,-66.5,2.3387554920164817
-50.5,-66.0,2.2600563986957916
-50.5,-65.5,2.174307851774871
-50.5,-65.0,2.0516122739494316
-50.5,-64.5,1.968421324743195
-50.5,-64.0,1.9359544736028638
-50.5,-63.5,1.8985359816767602
-50.5,-63.0,1.8999878467628413
-50.5,-62.5,1.901602970791144
-50.5,-62.0,1.913957419808289
-50.5,-61.5,1.9490258027402263
-50.5,-61.0,2.0844313657850644
-50.5,-60.5,2.159691309762008
-50.5,-60.0,2.236819936112671
-50.5,-59.5,2.3826630484637263
-50.5,-59.0,2.5705055446285527
-50.5,-58.5,2.6769580000693383
-50.5,-58.0,2.7825074829281973
-50.5,-57.5,2.9136495380203553
-50.5,-57.0,3.0421221580034628
-50.5,-56.5,3.154069994082042
-50.5,-56.0,3.269515917616105
-50.5,-55.5,3.323635310168272
-50.5,-55.0,3.3947666341338247
-50.5,-54.5,3.4385103347811734
-50.5,-54.0,3.4981106364468384
-50.0,-72.0,3.0416845625041344
-50.0,-71.5,3.0320126929950977
-50.0,-71.0,3.0657316877844214
-50.0,-70.5,2.9969228038257403
-50.0,-70.0,2.913272263105143
-50.0,-69.5,2.7566909826215573
-50.0,-69.0,2.5936791261001915
-50.0,-68.5,2.431139694297511
-50.0,-68.0,2.2953425926405004
-50.0,-67.5,2.1746818774649044
-50.0,-67.0,2.012554429555562
-50.0,-66.5,1.8938184748844027
-50.0,-66.0,1.781706621396084
-50.0,-65.5,1.6958049272941242
-50.0,-65.0,1.5867662427821017
-50.0,-64.5,1.5240666720231861
-50.0,-64.0,1.4837262789665864
-50.0,-63.5,1.493948835760445
-50.0,-63.0,1.4599812819553741
-50.0,-62.5,1.5017300051735099
-50.0,-62.0,1.5021190750926803
-50.0,-61.5,1.5351403972125854
-50.0,-61.0,1.6601027167211908
-50.0,-60.5,1.768656738036695
-50.0,-60.0,1.8226121132862914
-50.0,-59.5,1.9705335011100475
-50.0,-59.0,2.128804355201989
-50.0,-58.5,2.2552980878245723
-50.0,-58.0,2.361948120180674
-50.0,-57.5,2.5098972386929628
-50.0,-57.0,2.63517303567592
-50.0,-56.5,2.772893956269938
-50.0,-56.0,2.872054417288024
-50.0,-55.5,2.957969050071529
-50.0,-55.0,2.98486793252024
-50.0,-54.5,3.0183217829265905
-50.0,-54.0,3.013124768197416
-49.5,-72.0,2.672666958576669
-49.5,-71.5,2.716677519173595
-49.5,-71.0,2.7235433241519926
-49.5,-70.5,2.6498931939962946
-49.5,-70.0,2.555781033673857
-49.5,-69.5,2.4007838234357224
-49.5,-69.0,2.2846965750352553
-49.5,-68.5,2.139464173011245
-49.5,-68.0,2.0151792235140022
-49.5,-67.5,1.857062319375805
-49.5,-67.0,1.7111692784714085
-49.5,-66.5,1.5438451378194538
-49.5,-66.0,1.4715953735981722
-49.5,-65.5,1.3726759278742184
-49.5,-65.0,1.264762351721035
-49.5,-64.5,1.1541497313517435
-49.5,-64.0,1.1701760805591648
-49.5,-63.5,1.1435751787528734
-49.5,-63.0,1.1539082184493652
-49.5,-62.5,1.1537126420635004
-49.5,-62.0,1.1580003220393063
-49.5,-61.5,1.1859393014379653
-49.5,-61.0,1.3067458530560565
-49.5,-60.5,1.403067421729696
-49.5,-60.0,1.5038432023622503
-49.5,-59.5,1.6073784583572817
-49.5,-59.0,1.7486004308021639
-49.5,-58.5,1.8759127449495536
-49.5,-58.0,2.026494879720495
-49.5,-57.5,2.180457727192548
-49.5,-57.0,2.336070274503159
-49.5,-56.5,2.446327934781502
-49.5,-56.0,2.589989352927634
-49.5,-55.5,2.6333197353144704
-49.5,-55.0,2.6659910301983896
-49.5,-54.5,2.6546010124581954
-49.5,-54.0,2.6642331441599407
-49.0,-72.0,2.3969583629601323
-49.0,-71.5,2.4229421876759414
-49.0,-71.0,2.4160011226487637
-49.0,-70.5,2.378791990312177
-49.0,-70.0,2.2484158775896286
-49.0,-69.5,2.1976751301115667
-49.0,-69.0,2.0362048459801736
-49.0,-68.5,1.9491424452234691
-49.0,-68.0,1.8009876577742707
-49.0,-67.5,1.6644243329124944
-49.0,-67.0,1.45791980268463
-49.0,-66.5,1.3696194037805753
-49.0,-66.0,1.2810865934647884
-49.0,-65.5,1.1987542340453714
-49.0,-65.0,1.036995995463613
-49.0,-64.5,0.9423282708344785
-49.0,-64.0,0.8829046410029473
-49.0,-63.5,0.8998392465290743
-49.0,-63.0,0.8815315515756756
-49.0,-62.5,0.8767427245518737
-49.0,-62.0,0.8854390951634099
-49.0,-61.5,0.9340255340032548
-49.0,-61.0,1.0262085428476253
-49.0,-60.5,1.1359764731491082
-49.0,-60.0,1.2078968266091548
-49.0,-59.5,1.3385403157623235
-49.0,-59.0,1.4551308943706835
-49.0,-58.5,1.604566831812154
-49.0,-58.0,1.7573425087338803
-49.0,-57.5,1.9540502783657732
-49.0,-57.0,2.0504068817131804
-49.0,-56.5,2.2148277267771945
-49.0,-56.0,2.2844098011938914
-49.0,-55.5,2.3906845749992787
-49.0,-55.0,2.41240305603429
-49.0,-54.5,2.40341136135871
-49.0,-54.0,2.3912324726944996
-48.5,-72.0,2.2137816741458005
-48.5,-71.5,2.2219372875795327
-48.5,-71.0,2.2454887320496058
-48.5,-70.5,2.1578972704202353
-48.5,-70.0,2.124334950095694
-48.5,-69.5,1.973478178322889
-48.5,-69.0,1.909871232939849
-48.5,-68.5,1.7654843010046053
-48.5,-68.0,1.6624021917505314
-48.5,-67.5,1.4675817468101848
-48.5,-67.0,1.3187552324129628
-48.5,-66.5,1.1823365773091903
-48.5,-66.0,1.1417369465000167
-48.5,-65.5,0.9959065882427396
-48.5,-65.0,0.8842918373424187
-48.5,-64.5,0.7389591817571881
-48.5,-64.0,0.7200386636053051
-48.5,-63.5,0.689906627993436
-48.5,-63.0,0.6727700990091667
-48.5,-62.5,0.6604334953603277
-48.5,-62.0,0.6844051548636787
-48.5,-61.5,0.7337172075995104
-48.5,-61.0,0.8505294404249804
-48.5,-60.5,0.9013671463702753
-48.5,-60.0,1.027705121263963
-48.5,-59.5,1.1310459570150149
-48.5,-59.0,1.2904470748863566
-48.5,-58.5,1.4240324199882344
-48.5,-58.0,1.626563684902584
-48.5,-57.5,1.751834782101049
-48.5,-57.0,1.911150810504187
-48.5,-56.5,1.967557477667279
-48.5,-56.0,2.1171974614286615
-48.5,-55.5,2.186909758345587
-48.5,-55.0,2.250969449724441
-48.5,-54.5,2.2323937946237393
-48.5,-54.0,2.222314452400258
-48.0,-72.0,2.1357299361974427
-48.0,-71.5,2.1294356806323598
-48.0,-71.0,2.1217227474368108
-48.0,-70.5,2.072022322808384
-48.0,-70.0,1.9340375058774872
-48.0,-69.5,1.8772486937045272
-48.0,-69.0,1.7252580485219504
-48.0,-68.5,1.6365668405338394
-48.0,-68.0,1.510682969620436
-48.0,-67.5,1.361025698923477
-48.0,-67.0,1.1579421257221354
-48.0,-66.5,1.0890586446590704
-48.0,-66.0,0.9436023842998518
-48.0,-65.5,0.8315251479275951
-48.0,-65.0,0.6808034918196644
-48.0,-64.5,0.631942152698461
-48.0,-64.0,0.5528580065734965
-48.0,-63.5,0.5500526972271511
-48.0,-63.0,0.5352618680719236
-48.0,-62.5,0.5370563055192221
-48.0,-62.0,0.5407972846171116
-48.0,-61.5,0.6178255715125974
-48.0,-61.0,0.695924110683777
-48.0,-60.5,0.7955088061981455
-48.0,-60.0,0.8639198690936203
-48.0,-59.5,1.0327631556825994
-48.0,-59.0,1.1683818613263268
-48.0,-58.5,1.3599214966859317
-48.0,-58.0,1.4877882291640863
-48.0,-57.5,1.690402111687537
-48.0,-57.0,1.7375573916984506
-48.0,-56.5,1.8711994963229164
-48.0,-56.0,1.9265075151919524
-48.0,-55.5,2.071997463018475
-48.0,-55.0,2.121470168318872
-48.0,-54.5,2.1204169879960224
-48.0,-54.0,2.1029414828034314
-47.5,-72.0,2.074918969074553
-47.5,-71.5,2.08774930151293
-47.5,-71.0,2.0516809631360973
-47.5,-70.5,1.9416549482922387
-47.5,-70.0,1.8427757841732042
-47.5,-69.5,1.7100403163202071
-47.5,-69.0,1.6171698891511355
-47.5,-68.5,1.492687761228889
-47.5,-68.0,1.3795299596827202
-47.5,-67.5,1.2382213254126022
-47.5,-67.0,1.1048135902335618
-47.5,-66.5,0.960247561896576
-47.5,-66.0,0.8588682381005257
-47.5,-65.5,0.6690296678217529
-47.5,-65.0,0.5977980664272892
-47.5,-64.5,0.48752088705880636
-47.5,-64.0,0.4485823644433743
-47.5,-63.5,0.40104798958778454
-47.5,-63.0,0.4305787879094596
-47.5,-62.5,0.4339920123570564
-47.5,-62.0,0.46454438573310797
-47.5,-61.5,0.5394396476265326
-47.5,-61.0,0.6388599338253638
-47.5,-60.5,0.6991336688634382
-47.5,-60.0,0.7967629249846064
-47.5,-59.5,0.927352765183943
-47.5,-59.0,1.1030227295253405
-47.5,-58.5,1.2201159507752237
-47.5,-58.0,1.439154467800414
-47.5,-57.5,1.5491558481572842
-47.5,-57.0,1.69956433296161
-47.5,-56.5,1.7180369879257114
-47.5,-56.0,1.850832794207376
-47.5,-55.5,1.9755156359626378
-47.5,-55.0,2.051887141043691
-47.5,-54.5,2.027753733465031
-47.5,-54.0,2.071210696501343
-47.0,-72.0,2.0272492051486757
-47.0,-71.5,2.0108817430714723
-47.0,-71.0,1.9647969128068299
-47.0,-70.5,1.8688072607316195
-47.0,-70.0,1.7220921108397353
-47.0,-69.5,1.6321595103617723
-47.0,-69.0,1.5317147810348581
-47.0,-68.5,1.3842090097600779
-47.0,-68.0,1.283515628667267
-47.0,-67.5,1.1627141612313994
-47.0,-67.0,1.018404234506243
-47.0,-66.5,0.9134339973119252
-47.0,-66.0,0.7428212082377441
-47.0,-65.5,0.6173750825301357
-47.0,-65.0,0.4998736333516707
-47.0,-64.5,0.4281071065917305
-47.0,-64.0,0.33276530913649327
-47.0,-63.5,0.33748958279862346
-47.0,-63.0,0.3311461039597027
-47.0,-62.5,0.33833485904899296
-47.0,-62.0,0.3762743335790728
-47.0,-61.5,0.45503411372506036
-47.0,-61.0,0.5664067815309024
-47.0,-60.5,0.6140030952400312
-47.0,-60.0,0.7245607238582026
-47.0,-59.5,0.8713496881840506
-47.0,-59.0,0.9884731559298172
-47.0,-58.5,1.1527205970030387
-47.0,-58.0,1.2653186964651901
-47.0,-57.5,1.4999363543270796
-47.0,-57.0,1.5528630892960542
-47.0,-56.5,1.6537399684157494
-47.0,-56.0,1.7523282475213353
-47.0,-55.5,1.9065787291243084
-47.0,-55.0,1.9778207056027026
-47.0,-54.5,1.9845276975609918
-47.0,-54.0,1.9830428014005417
-46.5,-72.0,1.9370424438655405
-46.5,-71.5,1.9284156637446783
-46.5,-71.0,1.9280482878355016
-46.5,-70.5,1.8263405206454724
-46.5,-70.0,1.7043097712615105
-46.5,-69.5,1.5936333779244007
-46.5,-69.0,1.4917016472203377
-46.5,-68.5,1.3719075997785812
-46.5,-68.0,1.2178480202274073
-46.5,-67.5,1.1086715326667542
-46.5,-67.0,0.9654334500612276
-46.5,-66.5,0.8013401172725787
-46.5,-66.0,0.6788913592708975
-46.5,-65.5,0.52448786673943
-46.5,-65.0,0.45087271433410975
-46.5,-64.5,0.3537356726507187
-46.5,-64.0,0.32900945535344794
-46.5,-63.5,0.3250763273996864
-46.5,-63.0,0.3349147725124484
-46.5,-62.5,0.2873307652114887
-46.5,-62.0,0.29209406744617344
-46.5,-61.5,0.39455640409375925
-46.5,-61.0,0.47016318202697394
-46.5,-60.5,0.5619148529835482
-46.5,-60.0,0.6627785629986599
-46.5,-59.5,0.8311445877595152
-46.5,-59.0,0.9670641463575604
-46.5,-58.5,1.0417908476146585
-46.5,-58.0,1.250426332453454
-46.5,-57.5,1.3792828080268302
-46.5,-57.0,1.5323690545639532
-46.5,-56.5,1.587707586252235
-46.5,-56.0,1.7010280887063396
-46.5,-55.5,1.8661993664890315
-46.5,-55.0,1.9308271991007904
-46.5,-54.5,1.9377430416937418
-46.5,-54.0,1.940965555458821
-46.0,-72.0,1.8673495918227443
-46.0,-71.5,1.8804605617925894
-46.0,-71.0,1.8879121567268917
-46.0,-70.5,1.8452962070569534
-46.0,-70.0,1.7206940778103417
-46.0,-69.5,1.5982170496954458
-46.0,-69.0,1.5228586905570693
-46.0,-68.5,1.3669598748029377
-46.0,-68.0,1.2257808128416519
-46.0,-67.5,1.0772073455698636
-46.0,-67.0,0.8826008112407082
-46.0,-66.5,0.742051608982375
-46.0,-66.0,0.5858027300988473
-46.0,-65.5,0.49327601518636127
-46.0,-65.0,0.3918864676247898
-46.0,-64.5,0.340730913845172
-46.0,-64.0,0.3130358603423205
-46.0,-63.5,0.3567021343356779
-46.0,-63.0,0.3186635669467946
-46.0,-62.5,0.26256567658222696
-46.0,-62.0,0.24425071928068634
-46.0,-61.5,0.32894307699413244
-46.0,-61.0,0.4673387719421604
-46.0,-60.5,0.5458266854218816
-46.0,-60.0,0.6891551154538005
-46.0,-59.5,0.8223652548272429
-46.0,-59.0,0.9343716768611396
-46.0,-58.5,1.0904994610771186
-46.0,-58.0,1.208822327078225
-46.0,-57.5,1.4199338844845972
-46.0,-57.0,1.5054735582529424
-46.0,-56.5,1.5874149687899712
-46.0,-56.0,1.7083823876804123
-46.0,-55.5,1.808824092178932
-46.0,-55.0,1.919210577611678
-46.0,-54.5,1.9226756178281281
-46.0,-54.0,1.9029715867144588
-45.5,-72.0,1.8490804102139797
-45.5,-71.5,1.8273494077835915
-45.5,-71.0,1.8542702288486856
-45.5,-70.5,1.8243030662163418
-45.5,-70.0,1.7120168374606393
-45.5,-69.5,1.6141093603194832
-45.5,-69.0,1.5168221745388573
-45.5,-68.5,1.4093416068983868
-45.5,-68.0,1.252103445766812
-45.5,-67.5,1.0686706934218135
-45.5,-67.0,0.8966609484964767
-45.5,-66.5,0.6930786320269946
-45.5,-66.0,0.607543263667305
-45.5,-65.5,0.47302780231933433
-45.5,-65.0,0.39294269828587225
-45.5,-64.5,0.323242579497622
-45.5,-64.0,0.3175507917243238
-45.5,-63.5,0.30443379277761284
-45.5,-63.0,0.305026583973863
-45.5,-62.5,0.22698532454831186
-45.5,-62.0,0.20718040198884177
-45.5,-61.5,0.3112861668699375
-45.5,-61.0,0.4563318723962261
-45.5,-60.5,0.6077135301472728
-45.5,-60.0,0.7030685084048129
-45.5,-59.5,0.828650866407936
-45.5,-59.0,0.9543167552023961
-45.5,-58.5,1.0801817475027673
-45.5,-58.0,1.2849138171453862
-45.5,-57.5,1.3845486240360374
-45.5,-57.0,1.5086897535723367
-45.5,-56.5,1.5769832887368138
-45.5,-56.0,1.6525972288208104
-45.5,-55.5,1.7819710250977538
-45.5,-55.0,1.8517571733734386
-45.5,-54.5,1.897561867806958
-45.5,-54.0,1.8843198776109846
-45.0,-72.0,1.8555354789726242
-45.0,-71.5,1.840318380221359
-45.0,-71.0,1.827127210578101
-45.0,-70.5,1.800266455965432
-45.0,-70.0,1.7375025380681628
-45.0,-69.5,1.6172717121221654
-45.0,-69.0,1.5332141180942347
-45.0,-68.5,1.4192782765952128
-45.0,-68.0,1.2725063208716572
-45.0,-67.5,1.115576954277938
-45.0,-67.0,0.886961479651196
-45.0,-66.5,0.746785667802027
-45.0,-66.0,0.6192483400217703
-45.0,-65.5,0.5027930865884742
-45.0,-65.0,0.4083887372466957
-45.0,-64.5,0.32650246315778314
-45.0,-64.0,0.30049364764794195
-45.0,-63.5,0.29543696127333297
-45.0,-63.0,0.2652310733210184
-45.0,-62.5,0.23924792651525256
-45.0,-62.0,0.22775104410353367
-45.0,-61.5,0.28765265286373404
-45.0,-61.0,0.47227284905296185
-45.0,-60.5,0.6002619710859607
-45.0,-60.0,0.7480789766005038
-45.0,-59.5,0.8397572179699688
-45.0,-59.0,0.9581009917645282
-45.0,-58.5,1.1364918421295882
-45.0,-58.0,1.2684695318567267
-45.0,-57.5,1.4215267444669977
-45.0,-57.0,1.468164819306168
-45.0,-56.5,1.5692849917812883
-45.0,-56.0,1.6495739239318654
-45.0,-55.5,1.7247528275183917
-45.0,-55.0,1.8204429550302275
-45.0,-54.5,1.8592033281967693
-45.0,-54.0,1.8879415793761551
-44.5,-72.0,1.8653573604358482
-44.5,-71.5,1.8453149785764722
-44.5,-71.0,1.8311965661781706
-44.5,-70.5,1.807687756794603
-44.5,-70.0,1.7533887916056246
-44.5,-69.5,1.6513290994976728
-44.5,-69.0,1.5431373727135624
-44.5,-68.5,1.4217285215374325
-44.5,-68.0,1.2808593832908228
-44.5,-67.5,1.0909414387493954
-44.5,-67.0,0.9189143504408948
-44.5,-66.5,0.7547673949475022
-44.5,-66.0,0.6506188461475224
-44.5,-65.5,0.5610049051976788
-44.5,-65.0,0.4097810698083244
-44.5,-64.5,0.39399564437258505
-44.5,-64.0,0.3295024354754891
-44.5,-63.5,0.3058009734625458
-44.5,-63.0,0.2888135559814985
-44.5,-62.5,0.28394043337557306
-44.5,-62.0,0.24750655773571587
-44.5,-61.5,0.33787956575875666
-44.5,-61.0,0.4367704733683029
-44.5,-60.5,0.6271289075095252
-44.5,-60.0,0.7568374801222206
-44.5,-59.5,0.8947586283552562
-44.5,-59.0,0.9904691262073932
-44.5,-58.5,1.1215717238896215
-44.5,-58.0,1.3018366071905652
-44.5,-57.5,1.372954803178901
-44.5,-57.0,1.494268815618058
-44.5,-56.5,1.5464586097096964
-44.5,-56.0,1.6372870008197271
-44.5,-55.5,1.7134696447533453
-44.5,-55.0,1.7754689450297372
-44.5,-54.5,1.8250436866613784
-44.5,-54.0,1.8561386096461463
-44.0,-72.0,1.8554945227907893
-44.0,-71.5,1.8564779938695302
-44.0,-71.0,1.818231043952495
-44.0,-70.5,1.7886027484449702
-44.0,-70.0,1.7312507709239213
-44.0,-69.5,1.6556804163003709
-44.0,-69.0,1.5231221770761985
-44.0,-68.5,1.4192740067608334
-44.0,-68.0,1.2496767267188462
-44.0,-67.5,1.0791781190800005
-44.0,-67.0,0.9225148042613858
-44.0,-66.5,0.7810553975667047
-44.0,-66.0,0.6951429695960774
-44.0,-65.5,0.5240458210575253
-44.0,-65.0,0.48556704757113894
-44.0,-64.5,0.375149495506387
-44.0,-64.0,0.38030529084236653
-44.0,-63.5,0.3259119408545408
-44.0,-63.0,0.32475691420640884
-44.0,-62.5,0.28129095537289134
-44.0,-62.0,0.31122314715640453
-44.0,-61.5,0.31028306604564954
-44.0,-61.0,0.42761402245520763
-44.0,-60.5,0.5549259195238216
-44.0,-60.0,0.7532865873060917
-44.0,-59.5,0.8659356250257837
-44.0,-59.0,0.985418754976874
-44.0,-58.5,1.1066571634523
-44.0,-58.0,1.249912528563566
-44.0,-57.5,1.4195925264823712
-44.0,-57.0,1.4897376839869425
-44.0,-56.5,1.57578761843772
-44.0,-56.0,1.6474237363747877
-44.0,-55.5,1.7184082454014
-44.0,-55.0,1.78570166165393
-44.0,-54.5,1.8207783521665064
-44.0,-54.0,1.8342309574783036
-43.5,-72.0,1.8700085554418693
-43.5,-71.5,1.8819213036884783
-43.5,-71.0,1.8268695314500292
-43.5,-70.5,1.7708384501185828
-43.5,-70.0,1.7347747324165144
-43.5,-69.5,1.6089323968115568
-43.5,-69.0,1.5339171537191274
-43.5,-68.5,1.380310380140176
-43.5,-68.0,1.2239161823748783
-43.5,-67.5,1.0650970339015098
-43.5,-67.0,0.9637630939626483
-43.5,-66.5,0.8655808131897029
-43.5,-66.0,0.6908592645707711
-43.5,-65.5,0.5997555852735443
-43.5,-65.0,0.4231285020915133
-43.5,-64.5,0.4045050033197449
-43.5,-64.0,0.3185225103242274
-43.5,-63.5,0.30607107565217406
-43.5,-63.0,0.2805803433462961
-43.5,-62.5,0.2994143625569863
-43.5,-62.0,0.27602067444813644
-43.5,-61.5,0.30951658791735304
-43.5,-61.0,0.35411868494398757
-43.5,-60.5,0.5004469248615442
-43.5,-60.0,0.6528990526869172
-43.5,-59.5,0.8335218717539601
-43.5,-59.0,0.926142543749207
-43.5,-58.5,1.0777548351511363
-43.5,-58.0,1.2674620338568099
-43.5,-57.5,1.4284422842719438
-43.5,-57.0,1.5463835253298877
-43.5,-56.5,1.634319520774386
-43.5,-56.0,1.6827705066561691
-43.5,-55.5,1.7734535070988748
-43.5,-55.0,1.8378143269926746
-43.5,-54.5,1.8696050774772008
-43.5,-54.0,1.8917742402425113
-43.0,-72.0,1.9430581930708308
-43.0,-71.5,1.9087482883941371
-43.0,-71.0,1.8614143478296867
-43.0,-70.5,1.8013262852803444
-43.0,-70.0,1.719943151409266
-43.0,-69.5,1.6496935875516074
-43.0,-69.0,1.484502167270169
-43.0,-68.5,1.3913715647298266
-43.0,-68.0,1.1918083736439813
-43.0,-67.5,1.0676843323264216
-43.0,-67.0,0.9899040792498872
-43.0,-66.5,0.8827970608016724
-43.0,-66.0,0.7597438151730771
-43.0,-65.5,0.5626265804217204
-43.0,-65.0,0.47136020839682496
-43.0,-64.5,0.33168951656563483
-43.0,-64.0,0.2803200491397644
-43.0,-63.5,0.2395499329651762
-43.0,-63.0,0.24985071567138026
-43.0,-62.5,0.26030854422462346
-43.0,-62.0,0.286083229263564
-43.0,-61.5,0.2959658064482973
-43.0,-61.0,0.3503418715920673
-43.0,-60.5,0.48154945592427556
-43.0,-60.0,0.6621887629689687
-43.0,-59.5,0.7864962989053892
-43.0,-59.0,0.9371534141444937
-43.0,-58.5,1.0662739965360846
-43.0,-58.0,1.2483304941498727
-43.0,-57.5,1.4180478692510603
-43.0,-57.0,1.5597780102967533
-43.0,-56.5,1.6150815417195168
-43.0,-56.0,1.7367582885876902
-43.0,-55.5,1.8004377416298647
-43.0,-55.0,1.8776963743267105
-43.0,-54.5,1.9359824815463988
-43.0,-54.0,1.9459691411296767
-42.5,-72.0,1.9649124662562294
-42.5,-71.5,1.9510278893307287
-42.5,-71.0,1.9018567186844488
-42.5,-70.5,1.8146942691524084
-42.5,-70.0,1.7538399834129792
-42.5,-69.5,1.6132173965989627
-42.5,-69.0,1.520244191827697
-42.5,-68.5,1.3621575866847704
-42.5,-68.0,1.2221588492807813
-42.5,-67.5,1.0519118551070072
-42.5,-67.0,0.973831603791087
-42.5,-66.5,0.870088189453966
-42.5,-66.0,0.7125233208153814
-42.5,-65.5,0.61131201905624
-42.5,-65.0,0.4260021692869421
-42.5,-64.5,0.3451523696633506
-42.5,-64.0,0.2531066257040971
-42.5,-63.5,0.2169055669852244
-42.5,-63.0,0.2149360889046308
-42.5,-62.5,0.25860560068777755
-42.5,-62.0,0.29427312477251655
-42.5,-61.5,0.3188395256779225
-42.5,-61.0,0.40220473770864035
-42.5,-60.5,0.528399314745928
-42.5,-60.0,0.6826989870117721
-42.5,-59.5,0.8180815675212376
-42.5,-59.0,0.9226098926038844
-42.5,-58.5,1.0761000594580048
-42.5,-58.0,1.2291283423046941
-42.5,-57.5,1.401149068118242
-42.5,-57.0,1.4933090331730114
-42.5,-56.5,1.6216916934206718
-42.5,-56.0,1.6970474439366265
-42.5,-55.5,1.8279485019184072
-42.5,-55.0,1.8770851336694978
-42.5,-54.5,1.9430392779340102
-42.5,-54.0,1.9738813662382488
-42.0,-72.0,1.9141201410072042
-42.0,-71.5,1.9433951837517576
-42.0,-71.0,1.886866501077041
-42.0,-70.5,1.8146497111421738
-42.0,-70.0,1.6979683556105531
-42.0,-69.5,1.6108853156958247
-42.0,-69.0,1.4582412250019046
-42.0,-68.5,1.3689395418080224
-42.0,-68.0,1.214025282021091
-42.0,-67.5,1.0710772230843442
-42.0,-67.0,0.9257100352869909
-42.0,-66.5,0.8067101659843128
-42.0,-66.0,0.7160312567249014
-42.0,-65.5,0.5789527516515233
-42.0,-65.0,0.4839696406315439
-42.0,-64.5,0.327487676130893
-42.0,-64.0,0.2907980005797552
-42.0,-63.5,0.2
-42.0,-63.0,0.20395339431132978
-42.0,-62.5,0.25553265700785577
-42.0,-62.0,0.3108829727029216
-42.0,-61.5,0.3823604374825543
-42.0,-61.0,0.45749971608702644
-42.0,-60.5,0.5795476142114613
-42.0,-60.0,0.6817398990925116
-42.0,-59.5,0.7890602043415291
-42.0,-59.0,0.9147096185867851
-42.0,-58.5,1.0651492701080725
-42.0,-58.0,1.2313658506644705
-42.0,-57.5,1.3772075283925544
-42.0,-57.0,1.4870857081011177
-42.0,-56.5,1.5405826611751636
-42.0,-56.0,1.679698135669994
-42.0,-55.5,1.7830478892359185
-42.0,-55.0,1.8661536100755491
-42.0,-54.5,1.8945065457896566
-42.0,-54.0,1.9420861204643345
-41.5,-72.0,1.8858625262379778
-41.5,-71.5,1.8706355834296342
-41.5,-71.0,1.8881217975349895
-41.5,-70.5,1.7840478699823714
-41.5,-70.0,1.7106227790713278
-41.5,-69.5,1.5544671524520708
-41.5,-69.0,1.4518436342378351
-41.5,-68.5,1.330951377921135
-41.5,-68.0,1.2147823979600947
-41.5,-67.5,1.0740905047154574
-41.5,-67.0,0.9064960641078679
-41.5,-66.5,0.7719079717401958
-41.5,-66.0,0.6570741755040134
-41.5,-65.5,0.6011043862935197
-41.5,-65.0,0.4489776309496687
-41.5,-64.5,0.37510270437655474
-41.5,-64.0,0.2701048775856127
-41.5,-63.5,0.2421874731080638
-41.5,-63.0,0.21330347632031754
-41.5,-62.5,0.27302795705231764
-41.5,-62.0,0.34505453253231966
-41.5,-61.5,0.404430154076813
-41.5,-61.0,0.5122285441199239
-41.5,-60.5,0.5769293398884894
-41.5,-60.0,0.6600207977263186
-41.5,-59.5,0.7391082788593124
-41.5,-59.0,0.8730974469555102
-41.5,-58.5,1.0656782731089245
-41.5,-58.0,1.2136849662722153
-41.5,-57.5,1.364979704797591
-41.5,-57.0,1.4379451561613954
-41.5,-56.5,1.5138930230502137
-41.5,-56.0,1.6231636032662202
-41.5,-55.5,1.770664357061258
-41.5,-55.0,1.8295418452076773
-41.5,-54.5,1.8903994131208137
-41.5,-54.0,1.8851267960529747
-41.0,-72.0,1.8391630758746864
-41.0,-71.5,1.8629068585052395
-41.0,-71.0,1.8324323441393946
-41.0,-70.5,1.80913875217318
-41.0,-70.0,1.6708344328489675
-41.0,-69.5,1.5795310877192272
-41.0,-69.0,1.3966840007784904
-41.0,-68.5,1.2960124676529812
-41.0,-68.0,1.1958554541348476
-41.0,-67.5,1.0800851064757688
-41.0,-67.0,0.9472895000312551
-41.0,-66.5,0.789262314629632
-41.0,-66.0,0.6862802735720509
-41.0,-65.5,0.5782000782959025
-41.0,-65.0,0.46287064834268943
-41.0,-64.5,0.3291044750577602
-41.0,-64.0,0.3005802573575489
-41.0,-63.5,0.22487353631167997
-41.0,-63.0,0.24166265851630253
-41.0,-62.5,0.28970270302012685
-41.0,-62.0,0.3078297334136905
-41.0,-61.5,0.40650909754678277
-41.0,-61.0,0.47278374806624723
-41.0,-60.5,0.5600141692736031
-41.0,-60.0,0.6154470911415388
-41.0,-59.5,0.693002129323774
-41.0,-59.0,0.8626362030394576
-41.0,-58.5,1.0351133204712681
-41.0,-58.0,1.2118267558583862
-41.0,-57.5,1.318469655521567
-41.0,-57.0,1.4184942304777188
-41.0,-56.5,1.5041099796148623
-41.0,-56.0,1.6446743452353434
-41.0,-55.5,1.7545443176919517
-41.0,-55.0,1.8585770658700462
-41.0,-54.5,1.900618627598057
-41.0,-54.0,1.9017183268889133
-40.5,-72.0,1.9019877642540315
-40.5,-71.5,1.897965343921469
-40.5,-71.0,1.907683816658629
-40.5,-70.5,1.8327104745597687
-40.5,-70.0,1.7576302345316073
-40.5,-69.5,1.5757712994107562
-40.5,-69.0,1.472988996045736
-40.5,-68.5,1.315272303193573
-40.5,-68.0,1.2253291957879697
-40.5,-67.5,1.1555895153446105
-40.5,-67.0,1.0249491298916575
-40.5,-66.5,0.9078971604663304
-40.5,-66.0,0.7626934279343422
-40.5,-65.5,0.6130487673277327
-40.5,-65.0,0.485977032247241
-40.5,-64.5,0.3856226754068319
-40.5,-64.0,0.33164587960705544
-40.5,-63.5,0.3185019511339427
-40.5,-63.0,0.3100853142153193
-40.5,-62.5,0.32347230273407557
-40.5,-62.0,0.3764122442592479
-40.5,-61.5,0.4004438464002251
-40.5,-61.0,0.5148522238842315
-40.5,-60.5,0.577604407744724
-40.5,-60.0,0.6572639759929294
-40.5,-59.5,0.7658713199510907
-40.5,-59.0,0.8937401768704587
-40.5,-58.5,1.1277522848643151
-40.5,-58.0,1.2488645751484142
-40.5,-57.5,1.3965770250786904
-40.5,-57.0,1.4877703582175283
-40.5,-56.5,1.608253791257476
-40.5,-56.0,1.7236272202683154
-40.5,-55.5,1.8523786756420624
-40.5,-55.0,1.9221757963700759
-40.5,-54.5,1.9716274247726593
-40.5,-54.0,1.9464617516008251
-40.0,-72.0,2.2203308286262633
-40.0,-71.5,2.2635902262789322
-40.0,-71.0,2.2448254523951108
-40.0,-70.5,2.156569215399797
-40.0,-70.0,2.006822828466591
-40.0,-69.5,1.8899016774095558
-40.0,-69.0,1.7405864695557285
-40.0,-68.5,1.626996376469771
-40.0,-68.0,1.5348886355327178
-40.0,-67.5,1.420981126613459
-40.0,-67.0,1.340966179772498
-40.0,-66.5,1.2043437973985187
-40.0,-66.0,1.0540492919540732
-40.0,-65.5,0.8978196476758371
-40.0,-65.0,0.7391351939210196
-40.0,-64.5,0.6672134595972139
-40.0,-64.0,0.6486566638397827
-40.0,-63.5,0.5975743143166317
-40.0,-63.0,0.6133357024895933
-40.0,-62.5,0.6183519027096278
-40.0,-62.0,0.6218710148762912
-40.0,-61.5,0.7088003885593022
-40.0,-61.0,0.7719789960283483
-40.0,-60.5,0.8937642716369534
-40.0,-60.0,1.0008223910851666
-40.0,-59.5,1.0965862146271306
-40.0,-59.0,1.2509459465957558
-40.0,-58.5,1.401984088452482
-40.0,-58.0,1.5837708025383377
-40.0,-57.5,1.6773405413482603
-40.0,-57.0,1.8170913161162738
-40.0,-56.5,1.9144919721076965
-40.0,-56.0,2.064943823682982
-40.0,-55.5,2.1530252902194222
-40.0,-55.0,2.253647861787288
-40.0,-54.5,2.272833952216804
-40.0,-54.0,2.244714288989154
