lat,lon,sst_trend_decade,sst_anom,sst_sd
-58.0,-72.0,0.10843609750545424,-0.3386316348183209,1.7228795348245298
-58.0,-71.5,0.11891368851146253,-0.29716719796924584,1.6983282775086475
-58.0,-71.0,0.1409490892164935,-0.24309656919063838,1.6819856517937757
-58.0,-70.5,0.15264784903281073,-0.238680864100272,1.647486327418155
-58.0,-70.0,0.15050805518060187,-0.19182289024391297,1.615003244519517
-58.0,-69.5,0.14959296160142593,-0.13073187624503513,1.6182062722700197
-58.0,-69.0,0.16255809600092522,-0.10569223099629577,1.5400231966963474
-58.0,-68.5,0.17048130273255827,-0.08300176855970665,1.4721107771571842
-58.0,-68.0,0.1749557777901137,-0.04241007538575636,1.3395654811042106
-58.0,-67.5,0.18005780791575213,-0.04236873282494136,1.2302323650566556
-58.0,-67.0,0.18161434726429845,-0.02692317216660789,1.116168806825415
-58.0,-66.5,0.17377242687015967,-0.07932234055799214,1.0465127349689898
-58.0,-66.0,0.15245170337002975,-0.12563535501065815,1.0213741288770395
-58.0,-65.5,0.11446224039529049,-0.15977606494137797,0.9777728174304724
-58.0,-65.0,0.10176792135595827,-0.17694988537653922,0.9399981212481004
-58.0,-64.5,0.10711878399650743,-0.1886546889526448,0.8579523504513219
-58.0,-64.0,0.12203411176315343,-0.2325147561132388,0.7898573810990807
-58.0,-63.5,0.12303393361589468,-0.3009046051808384,0.7209452031816923
-58.0,-63.0,0.09890099207302075,-0.3779529394764116,0.7229123850928468
-58.0,-62.5,0.08304995691985104,-0.4205613488394361,0.7571919630978681
-58.0,-62.0,0.08031714133633588,-0.49355348113248965,0.8333229722916766
-58.0,-61.5,0.07573479458688562,-0.4892558093575188,0.9003683877488192
-58.0,-61.0,0.05487985254839442,-0.48297343541048,0.9631785193707035
-58.0,-60.5,0.03165645795763655,-0.4357462186771709,0.9995829118982148
-58.0,-60.0,0.020051207005058747,-0.46354153568386236,1.0497611747795401
-58.0,-59.5,0.02263412921534254,-0.5164370421269469,1.0967530049521794
-58.0,-59.0,0.03142445839903507,-0.6000241304976579,1.1694008204077446
-58.0,-58.5,0.05240518477198472,-0.6511939415710042,1.2509811984737276
-58.0,-58.0,0.07087917087695658,-0.6511253966191705,1.333888692324828
-58.0,-57.5,0.08590507890547511,-0.5802248856035856,1.4084441743672331
-58.0,-57.0,0.09092766742364278,-0.5140236599710811,1.4831392684689693
-58.0,-56.5,0.11122387558924143,-0.477876947819191,1.540522646308951
-58.0,-56.0,0.12256432290587876,-0.40787197751278215,1.5732601159692696
-58.0,-55.5,0.13599777381155095,-0.3802581672178602,1.6223711173807855
-58.0,-55.0,0.14253961586674216,-0.3371030439204006,1.6545437836286632
-58.0,-54.5,0.13893205831778196,-0.355435716248077,1.6927079906188447
-58.0,-54.0,0.11950402666440893,-0.37354464674755805,1.6923795037522633
-57.5,-72.0,0.1281844171586841,-0.26211745144132315,1.9401057558816972
-57.5,-71.5,0.1461164573738431,-0.14319784604471408,1.9209728631632939
-57.5,-71.0,0.18113187060647915,-0.05290385750773807,1.8791607290586703
-57.5,-70.5,0.1940970231357456,0.03818826069021619,1.8444307632056762
-57.5,-70.0,0.18915881412617183,0.1518370628429795,1.841085412773529
-57.5,-69.5,0.1883809353221589,0.24325284953204984,1.8240918740974927
-57.5,-69.0,0.19528190709061619,0.29569130155199885,1.7978618168696445
-57.5,-68.5,0.21515433122922625,0.3495830867554395,1.6852966472135686
-57.5,-68.0,0.22265549642483332,0.38050805539591126,1.579982559998044
-57.5,-67.5,0.22587451924195182,0.4662549707955421,1.4550998893826446
-57.5,-67.0,0.22123913508479545,0.4454161507164356,1.3398456100987577
-57.5,-66.5,0.2169410070086996,0.4064596112988843,1.2721278687740762
-57.5,-66.0,0.19588043257673735,0.31881801720596004,1.2079687905329277
-57.5,-65.5,0.1821610512548034,0.25779482864167114,1.18053833360102
-57.5,-65.0,0.16966803044386178,0.2274912839167489,1.1091223095142295
-57.5,-64.5,0.17492119355025146,0.1518043483275746,1.062651842314959
-57.5,-64.0,0.18680401640612318,0.03542456822491169,0.9897690618747579
-57.5,-63.5,0.179578359872922,-0.15081296095789076,0.9692447138247976
-57.5,-63.0,0.15908396864063787,-0.29285985049932006,0.9651896676624616
-57.5,-62.5,0.132095135561314,-0.43386242032200073,1.0226215066589288
-57.5,-62.0,0.12820388588639722,-0.5007713217770838,1.0814470611376479
-57.5,-61.5,0.1261409148674401,-0.5991066292229446,1.14635662768864
-57.5,-61.0,0.1159558207242882,-0.5883520433395345,1.1867672877233721
-57.5,-60.5,0.09598892441855328,-0.609513729608399,1.2430611947911563
-57.5,-60.0,0.08570891698544952,-0.6398960650264336,1.2893916813042003
-57.5,-59.5,0.07250056979743238,-0.7117383503371663,1.3434110963133175
-57.5,-59.0,0.07994308491488253,-0.7718669955662837,1.4047866155083593
-57.5,-58.5,0.09938937867434772,-0.823004296124282,1.4829046047083438
-57.5,-58.0,0.12350335315196026,-0.8229903004253348,1.5667165421857003
-57.5,-57.5,0.13608996052103448,-0.7729533910097731,1.6530052697095698
-57.5,-57.0,0.15999754709543004,-0.7216607571054714,1.714132107516111
-57.5,-56.5,0.17188376621279036,-0.6255343199441556,1.764982091438012
-57.5,-56.0,0.18995971293109146,-0.5500480812921319,1.8070577956515321
-57.5,-55.5,0.19439868183353246,-0.4311908618621697,1.840603480612406
-57.5,-55.0,0.1944063180469552,-0.371743287804452,1.9023173210732505
-57.5,-54.5,0.17403407636627047,-0.32954692121445284,1.924351561840327
-57.5,-54.0,0.14552010103811452,-0.3091612743324541,1.9449336505419288
-57.0,-72.0,0.13347512833701994,-0.2212070403264208,1.99760069334167
-57.0,-71.5,0.161326188195735,-0.10493071700016454,1.967192355577322
-57.0,-71.0,0.19185916128660654,0.024174770951058244,1.9158580990398264
-57.0,-70.5,0.20653494524838814,0.1352433290924091,1.8773427413819532
-57.0,-70.0,0.19535149272368516,0.23765556837802637,1.855605007418817
-57.0,-69.5,0.18864990968448256,0.3184082908859267,1.851160876910732
-57.0,-69.0,0.2095567737443982,0.3480452733336519,1.7937822862980939
-57.0,-68.5,0.22906683666931368,0.37032349327897096,1.7001864881466677
-57.0,-68.0,0.24990545568772146,0.4909542365376838,1.6013700927062953
-57.0,-67.5,0.24345566204078792,0.541430330204989,1.5107092565116773
-57.0,-67.0,0.2379888582390122,0.6007794206037986,1.4198303334804045
-57.0,-66.5,0.22694145421810188,0.49762624081064555,1.3332510350929312
-57.0,-66.0,0.22927662770142151,0.4038036351188239,1.2750690536704683
-57.0,-65.5,0.22297863562423634,0.3570179331053751,1.1974813128516495
-57.0,-65.0,0.22003986473848594,0.31826679707031347,1.1534839523716494
-57.0,-64.5,0.21686814942649071,0.2811624601039113,1.0816222857729283
-57.0,-64.0,0.21398591333248676,0.12418013931942773,1.0620304985477025
-57.0,-63.5,0.21017786343126335,-0.06556989036319294,1.0339509461173118
-57.0,-63.0,0.17811429717312524,-0.28010244360714176,1.0485646254270218
-57.0,-62.5,0.1531087686592911,-0.3904167037235893,1.0689487994013422
-57.0,-62.0,0.13432584693465324,-0.5395325854380335,1.1185131306111857
-57.0,-61.5,0.1347439538437834,-0.6073128241279211,1.1568692183301215
-57.0,-61.0,0.13108444069632186,-0.6755596409481759,1.209895353952765
-57.0,-60.5,0.1333370671762036,-0.6613666321617199,1.2642662739630652
-57.0,-60.0,0.11898244476094647,-0.6923562674351689,1.3396498899035225
-57.0,-59.5,0.11279408894352591,-0.7376406977733857,1.4059646141910298
-57.0,-59.0,0.1066159816689686,-0.7774344067994962,1.467362194830318
-57.0,-58.5,0.12429624302352957,-0.8085835843850931,1.5604930516567035
-57.0,-58.0,0.13868088877214138,-0.8151556083503328,1.6480562292443666
-57.0,-57.5,0.16152589609803555,-0.8121931356768894,1.7246416660968762
-57.0,-57.0,0.17554382382366504,-0.753198846493292,1.7779038777767913
-57.0,-56.5,0.20198543631003316,-0.7068730848383343,1.8245734134076894
-57.0,-56.0,0.20657153655217733,-0.60048068091027,1.8546963859440513
-57.0,-55.5,0.21325086205033586,-0.5280758429786208,1.8984004909462011
-57.0,-55.0,0.2038308648380153,-0.4293522178324948,1.9396211223372186
-57.0,-54.5,0.18014539213508282,-0.3609772356638843,1.9798756968556834
-57.0,-54.0,0.14517659679389028,-0.30391476432254616,2.0
-56.5,-72.0,0.1499110289987552,-0.2200905555751922,1.9847228715207992
-56.5,-71.5,0.16925710572723915,-0.09416018893656553,1.945481370048137
-56.5,-71.0,0.20018999811563667,0.03165123163165906,1.9101735951179166
-56.5,-70.5,0.19631446797332477,0.11345292488510239,1.8669523847132459
-56.5,-70.0,0.18586448150848403,0.18437961762208932,1.8343212478914894
-56.5,-69.5,0.18682260910407536,0.19705802340021994,1.8082829156562281
-56.5,-69.0,0.2035276525329184,0.17413789785560851,1.7277459004119309
-56.5,-68.5,0.2409164022333263,0.2187944846228611,1.6266186930125537
-56.5,-68.0,0.24999999999999997,0.29523066450736124,1.552594229587505
-56.5,-67.5,0.2495326695668766,0.46539463061684483,1.5030384240549035
-56.5,-67.0,0.22977772602094446,0.45867366249088204,1.4389545664548118
-56.5,-66.5,0.22883026678667537,0.3959433966248671,1.361491803648052
-56.5,-66.0,0.22995571514210558,0.2684575424297857,1.2751700872141776
-56.5,-65.5,0.2397867590886719,0.20832924310119805,1.1974725307883751
-56.5,-65.0,0.2352587423868933,0.21816330930486783,1.1183229554853642
-56.5,-64.5,0.22471462084313168,0.1855327430471212,1.0768036498129807
-56.5,-64.0,0.22370190708005713,0.10468015396441732,1.0379040765806191
-56.5,-63.5,0.21181886251931467,-0.0943604094620305,1.0472806648073167
-56.5,-63.0,0.1928164321986053,-0.24268259640196144,1.0337557761784268
-56.5,-62.5,0.15477370210139044,-0.40689981591190205,1.0366410286968204
-56.5,-62.0,0.13823701939417496,-0.49675760111696987,1.0496287196711331
-56.5,-61.5,0.1256825862980877,-0.641937055599042,1.0892449469106762
-56.5,-61.0,0.13669350378714357,-0.6735231193170602,1.1411822776193212
-56.5,-60.5,0.14075779305584302,-0.6553420718578833,1.2225229060613945
-56.5,-60.0,0.1542449958203436,-0.6374942110235872,1.307901833866674
-56.5,-59.5,0.14131580048247191,-0.6567676946971768,1.3756624628089864
-56.5,-59.0,0.14281200801188668,-0.6870287374027167,1.4668983192671172
-56.5,-58.5,0.1450558541159831,-0.7009798468401148,1.5390511680969463
-56.5,-58.0,0.15894480715303808,-0.7313214999417905,1.644206721866234
-56.5,-57.5,0.16801911435419434,-0.71339252200887,1.7093626550986767
-56.5,-57.0,0.19543063495631083,-0.7094113514928426,1.7751437966052208
-56.5,-56.5,0.1979982220062015,-0.6365861409896136,1.821163707616827
-56.5,-56.0,0.20687516259350805,-0.6010165881112495,1.8605219693565112
-56.5,-55.5,0.19990315441449,-0.5405867691329965,1.8796723001444573
-56.5,-55.0,0.19627161422114067,-0.4818713097095674,1.91751249455482
-56.5,-54.5,0.17648977961326515,-0.3935090858412382,1.9450824838998688
-56.5,-54.0,0.15107100802119758,-0.31495375639238143,1.9718065568781336
-56.0,-72.0,0.161119564964971,-0.2557209738302846,1.9203305167215616
-56.0,-71.5,0.1771825073918086,-0.13061742405609356,1.9137517018037893
-56.0,-71.0,0.17863986686549124,-0.031310773723808305,1.8807671207113321
-56.0,-70.5,0.17742814453925168,0.030900151701175993,1.8550613745044913
-56.0,-70.0,0.16440758705582445,0.04892239945358945,1.8301021476376333
-56.0,-69.5,0.17033083551831243,0.0421446349494452,1.7742788064384531
-56.0,-69.0,0.20009008806266274,0.00567630754107018,1.6862642141398414
-56.0,-68.5,0.22125697580795986,-0.011597265019914316,1.5659019305639181
-56.0,-68.0,0.24036024897118927,0.1151252152700235,1.5057593694884797
-56.0,-67.5,0.2275802327468099,0.21575479770844086,1.482722726623191
-56.0,-67.0,0.22054286093524375,0.2861326283063266,1.431846910490801
-56.0,-66.5,0.21347274907293032,0.1682581990657106,1.3666541652047015
-56.0,-66.0,0.2243087622032631,0.05675618657420256,1.2641994977444455
-56.0,-65.5,0.22744950354681967,-0.005690637385523001,1.169783241157779
-56.0,-65.0,0.22288716426178282,-0.02048915311863042,1.0919529603354985
-56.0,-64.5,0.21786031120066376,0.0041276264520881956,1.026057631876518
-56.0,-64.0,0.21763813277207314,-0.057397087296304106,1.0126524365345035
-56.0,-63.5,0.2206819684734411,-0.15844041476938964,1.0149886726181188
-56.0,-63.0,0.19561235925665907,-0.31462191518622595,1.0104110170879563
-56.0,-62.5,0.17124508414515419,-0.38438583940638327,0.9984146736389868
-56.0,-62.0,0.1414815568441881,-0.5091152214220659,1.0051394240461373
-56.0,-61.5,0.13807300404930967,-0.5861657156400115,1.0403781021532779
-56.0,-61.0,0.1385504720583611,-0.627098719446826,1.1091658477331996
-56.0,-60.5,0.16485325090492955,-0.5731846826709348,1.1917144539255065
-56.0,-60.0,0.17486987605762958,-0.5145330051777177,1.2619934721976669
-56.0,-59.5,0.18455067009097828,-0.534513079335129,1.3487519180842278
-56.0,-59.0,0.17690698444678174,-0.5588711338602738,1.3972434467098278
-56.0,-58.5,0.1787359517228674,-0.5915011878568874,1.5053618904875
-56.0,-58.0,0.17590699852909095,-0.5881682517997888,1.5767144839965277
-56.0,-57.5,0.19385771718782455,-0.6086891127738138,1.6805226931787038
-56.0,-57.0,0.19726545092596323,-0.5560608073526647,1.7500307232685892
-56.0,-56.5,0.20664937099236222,-0.5228068314740901,1.8166815201213486
-56.0,-56.0,0.18801505264203142,-0.4816556086994892,1.8435338132960923
-56.0,-55.5,0.1890707944763659,-0.4805860659157343,1.85697631150675
-56.0,-55.0,0.19125780544376367,-0.4552441670707814,1.8627630963789314
-56.0,-54.5,0.18368427333608342,-0.41164083276611096,1.8926603124315742
-56.0,-54.0,0.17217060755283678,-0.33537755046841533,1.9205727736714913
-55.5,-72.0,0.1700984802569677,-0.2972319231590981,1.8766104678103293
-55.5,-71.5,0.1537596568821967,-0.22413198179372262,1.856665175943566
-55.5,-71.0,0.15275357125482267,-0.1524222507456332,1.8537024223811347
-55.5,-70.5,0.13620685135047442,-0.13853276985994345,1.8380823897502798
-55.5,-70.0,0.13607933707881403,-0.11737819985700848,1.8181987177536365
-55.5,-69.5,0.14977005235222768,-0.11125495213917302,1.772783244718683
-55.5,-69.0,0.1730087481325753,-0.15454364021906164,1.6644591491452934
-55.5,-68.5,0.201298340170479,-0.16955495647452246,1.5550809760591264
-55.5,-68.0,0.2025143138638075,-0.13213059139429184,1.4884912374730583
-55.5,-67.5,0.20655287378722512,0.003458118607116978,1.4571504819029042
-55.5,-67.0,0.19996005945388554,0.019266212093648205,1.4213144345039919
-55.5,-66.5,0.20822711257416984,-0.04359088528074406,1.3480820641251867
-55.5,-66.0,0.20887404150814395,-0.15300072860228742,1.2664232786144602
-55.5,-65.5,0.20917884899607161,-0.21011318443410176,1.1569628987076874
-55.5,-65.0,0.1981022882761986,-0.21384007695948282,1.0654325073446411
-55.5,-64.5,0.1946424018908642,-0.19410167284878543,0.9959997891133819
-55.5,-64.0,0.20867488903086193,-0.18844171277046828,0.9717956824044621
-55.5,-63.5,0.20970479213312895,-0.26712697641848027,0.9879278455785955
-55.5,-63.0,0.19867370086795935,-0.32695785395984456,0.988092262750774
-55.5,-62.5,0.16881471034179227,-0.39653907686123424,0.9831718273091465
-55.5,-62.0,0.15647110617374896,-0.4123061014568342,1.0080150410583295
-55.5,-61.5,0.1471474549294493,-0.4660945817226232,1.0489672324264656
-55.5,-61.0,0.15949045362286088,-0.47123992505481993,1.1117745035096822
-55.5,-60.5,0.17386211775719815,-0.39825604496964506,1.1728446100165488
-55.5,-60.0,0.1973613839792516,-0.36373102448792416,1.2327680521256659
-55.5,-59.5,0.20151242859768323,-0.37252789649612406,1.2698298310051286
-55.5,-59.0,0.20011307532462316,-0.42689589688549245,1.3602591504312695
-55.5,-58.5,0.1918536375053014,-0.4372241565298085,1.4189550709829775
-55.5,-58.0,0.1930138331211945,-0.4590432360954044,1.5376321036723248
-55.5,-57.5,0.19440107182293961,-0.43132104127135495,1.6346586305321542
-55.5,-57.0,0.21050873245791993,-0.417566636554905,1.732048935264019
-55.5,-56.5,0.1920470289902307,-0.35777445693588383,1.7823494469406904
-55.5,-56.0,0.1821123446096574,-0.34029602664635417,1.8078402724287639
-55.5,-55.5,0.17798544949176417,-0.36091284026207004,1.8110044498280613
-55.5,-55.0,0.19160971692347126,-0.3909937096376124,1.8185903126595662
-55.5,-54.5,0.1996100886431684,-0.37829135675518977,1.8365309238241763
-55.5,-54.0,0.17963392840625322,-0.3620755299024805,1.8603905888067245
-55.0,-72.0,0.1553914999022111,-0.32976625838720675,1.8391474416592708
-55.0,-71.5,0.13980440742811132,-0.2970493286398346,1.8295555577378722
-55.0,-71.0,0.11618060218526652,-0.2970498530581063,1.8164704018098985
-55.0,-70.5,0.10877575135936526,-0.310023651062576,1.8068117013012297
-55.0,-70.0,0.10504236876255513,-0.2955542373930595,1.7940726007630228
-55.0,-69.5,0.12374142483081557,-0.27631432100748765,1.7469910075333288
-55.0,-69.0,0.15473043474537576,-0.29650840635515174,1.6648114573267998
-55.0,-68.5,0.1685178006398341,-0.35801897354750545,1.5705533709107111
-55.0,-68.0,0.1807560091353703,-0.325666793165593,1.5061939149632708
-55.0,-67.5,0.17861286854811984,-0.24745356883936998,1.4628353191887984
-55.0,-67.0,0.19311575201121053,-0.1979268610625844,1.4081451349330076
-55.0,-66.5,0.19546521694263744,-0.24833229671989665,1.3556276897790616
-55.0,-66.0,0.20281979861702323,-0.30197095020076703,1.270577617940297
-55.0,-65.5,0.18813169145312084,-0.3361017316372765,1.1705697513247004
-55.0,-65.0,0.1745545761893211,-0.33885950579122137,1.0557041051017404
-55.0,-64.5,0.1768649601835869,-0.30750467874873877,0.9682332795421992
-55.0,-64.0,0.1887900880183042,-0.28602903181870953,0.9476442783513709
-55.0,-63.5,0.20058195588597846,-0.3037462324090796,0.9637834395762345
-55.0,-63.0,0.18524969748127948,-0.33194093855245144,0.9713002519686205
-55.0,-62.5,0.1702454949717613,-0.3085885364810539,0.9891538411486772
-55.0,-62.0,0.15909783153681442,-0.27957498194678343,1.0261348823690102
-55.0,-61.5,0.16111589608183044,-0.2629974571383267,1.0753558731444144
-55.0,-61.0,0.16588291676754705,-0.23981637004823964,1.1218672910979794
-55.0,-60.5,0.17877509857355398,-0.2159591800299494,1.155616729896022
-55.0,-60.0,0.19154435484757257,-0.17508651212487303,1.1766761730345177
-55.0,-59.5,0.1939985064734697,-0.21971036650927478,1.2282342435388036
-55.0,-59.0,0.1923752913479093,-0.25537661376518206,1.2771105777998524
-55.0,-58.5,0.18827864140075998,-0.2770482134773513,1.3803955840161357
-55.0,-58.0,0.1832283171505447,-0.26463770569813794,1.4797000617497469
-55.0,-57.5,0.19634670401549023,-0.27427738317429995,1.603089999756252
-55.0,-57.0,0.19705094941089665,-0.24077478786480433,1.6876195738150137
-55.0,-56.5,0.19280276942731225,-0.2190943480465668,1.7292185326110592
-55.0,-56.0,0.17258119955418125,-0.21695404995104495,1.7614110789364297
-55.0,-55.5,0.1770135676381597,-0.2585717626110615,1.775961857689489
-55.0,-55.0,0.19625306197340728,-0.31076350955852794,1.7870087163937207
-55.0,-54.5,0.1955576709367118,-0.3431920188961921,1.810295875102837
-55.0,-54.0,0.18627751467200362,-0.3300032007171221,1.8346861872859699
-54.5,-72.0,0.15408677531937856,-0.31107342510355207,1.8353219679911177
-54.5,-71.5,0.12785294302889785,-0.33926318089428786,1.815300888278621
-54.5,-71.0,0.11177197647094,-0.38453957024531005,1.7841173272621897
-54.5,-70.5,0.09235438404421364,-0.42756812987153847,1.7676093619597069
-54.5,-70.0,0.09302935601551612,-0.43627673408471945,1.7391980017601334
-54.5,-69.5,0.11123922444113116,-0.42198149879157354,1.7019409893110282
-54.5,-69.0,0.1347152850728093,-0.47735495287402707,1.6394154014031612
-54.5,-68.5,0.1592549006670508,-0.5306224407256709,1.5781619346301214
-54.5,-68.0,0.15810781463491239,-0.5280744166420871,1.5234964683150196
-54.5,-67.5,0.17088526423768127,-0.45731407736420493,1.4632715772397584
-54.5,-67.0,0.1726545678254319,-0.41199867597916606,1.3978973477732803
-54.5,-66.5,0.1865173146136714,-0.4135602418840386,1.333449277112815
-54.5,-66.0,0.17690390168609835,-0.42463397608696385,1.2618706496135754
-54.5,-65.5,0.16892379632880264,-0.4228221452616019,1.1603211216882254
-54.5,-65.0,0.15702429527144332,-0.42479519135875754,1.0381958878777335
-54.5,-64.5,0.1617261009779374,-0.3896115350139122,0.9460347373592765
-54.5,-64.0,0.18665651500078875,-0.36225261030847755,0.9174675704874063
-54.5,-63.5,0.19498995753729723,-0.3389540200140011,0.942358005232913
-54.5,-63.0,0.19066676477061398,-0.3102262094959216,0.952824069173994
-54.5,-62.5,0.17442766748528357,-0.23060759877330228,0.971624199316779
-54.5,-62.0,0.16581183129037227,-0.14336934467976858,1.016921185884265
-54.5,-61.5,0.16576420692557767,-0.0772879318645392,1.058420720475307
-54.5,-61.0,0.16637697636415774,-0.07633916222698711,1.090045869793596
-54.5,-60.5,0.17509329680632071,-0.04096232554838619,1.1240579068791843
-54.5,-60.0,0.17606747153965555,-0.04912832670220202,1.1435900709505051
-54.5,-59.5,0.17980414903380423,-0.06029146048069234,1.179135371736599
-54.5,-59.0,0.1757665489201303,-0.08036977290673875,1.254328530451178
-54.5,-58.5,0.1767977246110188,-0.08228744565554402,1.3385989992795417
-54.5,-58.0,0.181298024040749,-0.08930533018979725,1.4457404277130073
-54.5,-57.5,0.18381023402992727,-0.08392370713853547,1.5599974643223489
-54.5,-57.0,0.19537487440433124,-0.09556226369789278,1.6288258759438796
-54.5,-56.5,0.18778835002328573,-0.09474076368154938,1.669610231428497
-54.5,-56.0,0.18005816827948765,-0.12998480453885208,1.7095889710340326
-54.5,-55.5,0.18280441563169328,-0.2050915680262797,1.7601074067569487
-54.5,-55.0,0.19058939838435177,-0.27660980154232284,1.7830208585853273
-54.5,-54.5,0.1930157701421529,-0.2990429025770478,1.815286481704253
-54.5,-54.0,0.17104043696168106,-0.3037516521368746,1.8431482264237047
-54.0,-72.0,0.14711766345039085,-0.2925717491125295,1.846374806441782
-54.0,-71.5,0.13753451788891755,-0.35779868961294703,1.7935037893343453
-54.0,-71.0,0.1221137732979867,-0.4269860243479391,1.7682136972331175
-54.0,-70.5,0.10727047562954067,-0.49920321968846515,1.7178068170690355
-54.0,-70.0,0.10037274967426904,-0.5187279461785839,1.6889271754215385
-54.0,-69.5,0.10810797107946227,-0.5694295659233314,1.6408105412376925
-54.0,-69.0,0.13504071348367244,-0.629768230830244,1.5961274714793292
-54.0,-68.5,0.14470981335206282,-0.7007479719837068,1.5548183573482661
-54.0,-68.0,0.15677597418113362,-0.7061007323317325,1.4973324927867322
-54.0,-67.5,0.1496269668457964,-0.6639138505461928,1.4255646447307213
-54.0,-67.0,0.15783251779402555,-0.6349746910008914,1.3454288437252162
-54.0,-66.5,0.14649971098397668,-0.6177708491938295,1.2741428430257782
-54.0,-66.0,0.14534254199786745,-0.5727637414853134,1.2134104383922242
-54.0,-65.5,0.13334611316186468,-0.5563767961779942,1.1308019308686126
-54.0,-65.0,0.13304956296121284,-0.5268019802474779,1.0305187706916759
-54.0,-64.5,0.15522672147216274,-0.48708851775679196,0.9357858112361759
-54.0,-64.0,0.18212769256194675,-0.42166671205113126,0.9074650393771596
-54.0,-63.5,0.20734619626400155,-0.37791935494486584,0.9167618142558746
-54.0,-63.0,0.20244007772549819,-0.28900722709734383,0.9276599652468512
-54.0,-62.5,0.1849074619355451,-0.18223373648446084,0.9418226585860119
-54.0,-62.0,0.17013462409548571,-0.05120908981671324,0.9647186879694757
-54.0,-61.5,0.1601255036843772,0.008467451790803882,0.988566853862341
-54.0,-61.0,0.16261218688299686,0.04384963054495605,1.0271243103265617
-54.0,-60.5,0.16416632271991707,0.03737187100320272,1.0615296213960423
-54.0,-60.0,0.17181369940664912,0.06091090292040913,1.1126835810837226
-54.0,-59.5,0.1658111581666946,0.074985523419548,1.169218514915202
-54.0,-59.0,0.1713451738132106,0.08794314707218698,1.2411161866733926
-54.0,-58.5,0.1820785259842427,0.10399153772203151,1.334718784664111
-54.0,-58.0,0.183326315182575,0.08246137555630528,1.4348104126835155
-54.0,-57.5,0.18988760762951076,0.05701297302689201,1.5192417524365474
-54.0,-57.0,0.18906363035089893,0.046036820112446586,1.5772682069681196
-54.0,-56.5,0.18970359572740134,0.0005703241512911017,1.6110962385242371
-54.0,-56.0,0.18685931748188614,-0.07060898759181677,1.673287190426173
-54.0,-55.5,0.18739509265989437,-0.17754104283810745,1.733677680810717
-54.0,-55.0,0.18802855686870726,-0.26887053818884477,1.7820641779864435
-54.0,-54.5,0.1753845084554118,-0.2906264049026026,1.826857242905882
-54.0,-54.0,0.16149905658672428,-0.28488441061350045,1.8518764433951818
-53.5,-72.0,0.13881655718056615,-0.3119581985411646,1.817111137102471
-53.5,-71.5,0.1436717896428158,-0.37173172116054465,1.7793838349698183
-53.5,-71.0,0.1400306437641911,-0.49580196813745514,1.727660181060182
-53.5,-70.5,0.12823060219374643,-0.5654195555403821,1.6946530375161644
-53.5,-70.0,0.1116991360327163,-0.6389455087231004,1.645109785662732
-53.5,-69.5,0.11684156751321415,-0.6885009465540249,1.6063781338558734
-53.5,-69.0,0.1253928970234126,-0.7833044654272001,1.5667917209949955
-53.5,-68.5,0.14615555347799516,-0.8331478148645778,1.5134220966863219
-53.5,-68.0,0.14027402821117416,-0.8537212859647538,1.455117285043097
-53.5,-67.5,0.1410011221955454,-0.8674354915045177,1.3568874333002365
-53.5,-67.0,0.12206808493940566,-0.8783340429576358,1.2716471200954589
-53.5,-66.5,0.11580806331239932,-0.8389785405889458,1.1960185925378541
-53.5,-66.0,0.10202820437213214,-0.7958443310754285,1.1498206177645562
-53.5,-65.5,0.1032030674486896,-0.724024651545038,1.1035390767435735
-53.5,-65.0,0.1146742327687423,-0.6813566185477277,1.0229357744579675
-53.5,-64.5,0.13986198016130585,-0.5774590518105924,0.9386802652279026
-53.5,-64.0,0.1843846145785971,-0.47795109552753745,0.897556629145977
-53.5,-63.5,0.20805616521260986,-0.370487823575971,0.8969305083842349
-53.5,-63.0,0.20967357001297152,-0.26783128889611163,0.9054862898574306
-53.5,-62.5,0.18653085739283218,-0.12762483847205286,0.915214933507815
-53.5,-62.0,0.16427485823223556,-0.009455733358047835,0.9278775704038121
-53.5,-61.5,0.1523730035520162,0.07891543940234036,0.9402342220272168
-53.5,-61.0,0.1489920987529138,0.09909227101122875,0.9573713791301081
-53.5,-60.5,0.1584166962540273,0.12167937194592748,1.0141925459441177
-53.5,-60.0,0.15906234740720535,0.14418139387081896,1.0753335753721547
-53.5,-59.5,0.1632899751222819,0.175863000674489,1.1496965380982613
-53.5,-59.0,0.17256640452212604,0.22863834208065548,1.2450910543950637
-53.5,-58.5,0.18848717689100905,0.22150642679019406,1.3362404260828724
-53.5,-58.0,0.2020819853691396,0.19615920612723214,1.4208866420840862
-53.5,-57.5,0.19242921612728978,0.16218705916287912,1.4875646493724015
-53.5,-57.0,0.18559009306812527,0.13668726586786462,1.5328744066425684
-53.5,-56.5,0.18019437118216028,0.0948038978225807,1.5672538902103517
-53.5,-56.0,0.18236472438039666,-0.013818360934884755,1.6334244870009926
-53.5,-55.5,0.1859552630589064,-0.14074838289436542,1.701392874545297
-53.5,-55.0,0.17985889676005554,-0.24824520598585087,1.7406574042734628
-53.5,-54.5,0.1614647392244101,-0.29472091533393274,1.79489103154007
-53.5,-54.0,0.1454637588528511,-0.27065140510221863,1.829118697348132
-53.0,-72.0,0.12723763059894846,-0.31181083566425616,1.7750293341899352
-53.0,-71.5,0.13487163881712644,-0.4569545147486762,1.7456909489200143
-53.0,-71.0,0.14294266085204255,-0.5800791002453218,1.7032398104999722
-53.0,-70.5,0.12699218524928862,-0.7204313819533328,1.6685804586653714
-53.0,-70.0,0.11219340130138025,-0.7794150533424096,1.642528083098986
-53.0,-69.5,0.10161014635594517,-0.8696971249083723,1.614626508525576
-53.0,-69.0,0.12142669516248755,-0.917421992179144,1.558514011855191
-53.0,-68.5,0.12967090639579154,-0.9587180905211479,1.5176994694525614
-53.0,-68.0,0.13739347811846037,-0.9896135346241444,1.4192357984747177
-53.0,-67.5,0.1206392711633269,-1.037138676813018,1.3354613899992174
-53.0,-67.0,0.11024935874506939,-1.0593911125837718,1.2198633108274335
-53.0,-66.5,0.0904905349189728,-1.0473719350119495,1.1513161276307573
-53.0,-66.0,0.09064613124029167,-0.9512520413063854,1.1036582533251682
-53.0,-65.5,0.0957533302991013,-0.9030217772014728,1.071427339269538
-53.0,-65.0,0.1109911179176375,-0.8010385427331999,1.0028565368510594
-53.0,-64.5,0.14187116680933828,-0.6742875450618931,0.9311926488917888
-53.0,-64.0,0.1758821416849861,-0.5089384559291625,0.8765689710938739
-53.0,-63.5,0.20426159463682644,-0.3760998498188326,0.8789732983514116
-53.0,-63.0,0.19693927664148522,-0.24274273526525114,0.8832214338916551
-53.0,-62.5,0.17875389476277262,-0.1169784012402384,0.8978621758188313
-53.0,-62.0,0.15686725542226734,0.005817759869794603,0.9168573689945078
-53.0,-61.5,0.1454334145936212,0.09287339922463755,0.9201902333364677
-53.0,-61.0,0.1415571925288015,0.15194169806733693,0.9446046126398185
-53.0,-60.5,0.14452032715630977,0.18891734584042008,0.9741327402319538
-53.0,-60.0,0.1501100399828353,0.21640144827499697,1.0429031803476636
-53.0,-59.5,0.15301775233874124,0.2566416675109404,1.1385745316399616
-53.0,-59.0,0.16791245694860205,0.2607033485287722,1.228449652743982
-53.0,-58.5,0.19385861728029094,0.25963242479252124,1.3275390586933755
-53.0,-58.0,0.20369363353086536,0.19999007649654543,1.392130759389035
-53.0,-57.5,0.19937761083767094,0.18870663121033093,1.4455509604238932
-53.0,-57.0,0.17824662528286186,0.19495753038093677,1.4772863503078308
-53.0,-56.5,0.16625711460151024,0.146752926296279,1.5309575407783593
-53.0,-56.0,0.17306883503943507,0.053239301975353426,1.5908069650711432
-53.0,-55.5,0.1829710929489273,-0.08859051099228865,1.6419951391141452
-53.0,-55.0,0.17861273770950684,-0.20545342986049864,1.681762123441524
-53.0,-54.5,0.15752535288435396,-0.25338295576831293,1.711531378658446
-53.0,-54.0,0.13096740142842453,-0.2927767242066841,1.7741282069215527
-52.5,-72.0,0.10798438956911349,-0.37750532812194315,1.763262385446103
-52.5,-71.5,0.11185637203738874,-0.499654467742225,1.7233391248051404
-52.5,-71.0,0.11370593776749921,-0.7166884470344451,1.6901819786224386
-52.5,-70.5,0.10027108578575339,-0.8379093866247889,1.6561320759734142
-52.5,-70.0,0.07462504221742974,-0.9515026631932977,1.656621714562547
-52.5,-69.5,0.07614488288990179,-1.001034492630751,1.6199014050159268
-52.5,-69.0,0.09057857746621953,-1.0534037091433084,1.5781918383526183
-52.5,-68.5,0.1153151663628878,-1.0675749816654596,1.4815100617869597
-52.5,-68.0,0.11646077440556823,-1.0967292894165213,1.4234855753972406
-52.5,-67.5,0.11416504280290748,-1.1414323039111642,1.3031642006744646
-52.5,-67.0,0.09687221315712505,-1.1659579902798907,1.2224373347464366
-52.5,-66.5,0.0908670941043972,-1.1090790206691232,1.1128923780370694
-52.5,-66.0,0.087995148740065,-1.0526639563756093,1.0732196727251506
-52.5,-65.5,0.10299304816746932,-0.9623338078687544,1.0306967059512988
-52.5,-65.0,0.11479262426648115,-0.8796017230848959,0.9765538809682385
-52.5,-64.5,0.13459655734206713,-0.7225461043877367,0.8905470673573401
-52.5,-64.0,0.16341999777727137,-0.5514177816557648,0.8654050775737113
-52.5,-63.5,0.17614529681102695,-0.3954973990016486,0.8417244391034079
-52.5,-63.0,0.1760628127187324,-0.2779042267578644,0.8551142916515124
-52.5,-62.5,0.16209712700517684,-0.16749101243009057,0.8645034367891755
-52.5,-62.0,0.15711234094414697,-0.060211426417076996,0.8818346814236547
-52.5,-61.5,0.14644182755646054,0.047988387980174796,0.9101003212552912
-52.5,-61.0,0.14072517090348466,0.15072408475835064,0.9176578741799979
-52.5,-60.5,0.13749886800547145,0.23525809837302836,0.9594308578850068
-52.5,-60.0,0.13735832836435313,0.2941062807330732,1.0228894510578885
-52.5,-59.5,0.1415214714686617,0.29438520205947105,1.114612269897017
-52.5,-59.0,0.15421926445597098,0.2709929869561516,1.221000996634452
-52.5,-58.5,0.17684713018334644,0.19727118588047632,1.2967390064647637
-52.5,-58.0,0.19764835285400398,0.15227805447472953,1.3581531723759965
-52.5,-57.5,0.1989074305693472,0.154455703018042,1.3981042942516633
-52.5,-57.0,0.18045321088594832,0.19334698911788584,1.444003067821429
-52.5,-56.5,0.16794666693164015,0.17747710636085068,1.4878843669531494
-52.5,-56.0,0.17285384880890972,0.06443599233948061,1.5574343803702442
-52.5,-55.5,0.19329440227762737,-0.0451008809818807,1.6104550805186135
-52.5,-55.0,0.19352984036981244,-0.1534302964928147,1.6162445171202784
-52.5,-54.5,0.16557748625272226,-0.23439771758424177,1.6704420095886334
-52.5,-54.0,0.12881076058957436,-0.26450491921846364,1.707218488523122
-52.0,-72.0,0.08926660521884733,-0.3795218461124725,1.727593436631962
-52.0,-71.5,0.07980602794820213,-0.5734170538007639,1.7257939093645824
-52.0,-71.0,0.0717737012353939,-0.7344707272290901,1.6576690129717122
-52.0,-70.5,0.05474674299821411,-0.9030337351723485,1.6454756208928698
-52.0,-70.0,0.036938714064450734,-0.9742551219093847,1.6322143144674233
-52.0,-69.5,0.03633984272088095,-1.053966392985924,1.6170931852166939
-52.0,-69.0,0.06271996352551376,-1.0924582881455622,1.5145388066604395
-52.0,-68.5,0.08298534884573314,-1.1171662294505205,1.441600297265239
-52.0,-68.0,0.09491462537560053,-1.1431176472302669,1.33710932403185
-52.0,-67.5,0.09305091878844779,-1.1616086504048453,1.277725889568397
-52.0,-67.0,0.08877677350051744,-1.1487787508733611,1.1618303376047454
-52.0,-66.5,0.07574994602631763,-1.1042201010699422,1.0852250741689717
-52.0,-66.0,0.08182632288132902,-1.0353134366827628,1.0184134645410334
-52.0,-65.5,0.0861544129249201,-0.97321669938804,0.9858203127547324
-52.0,-65.0,0.09879603334209441,-0.8790938683735531,0.9199543511134457
-52.0,-64.5,0.10809410811329331,-0.7330493405542534,0.8622667938193651
-52.0,-64.0,0.1255462034852502,-0.5722427346540567,0.7981319270351087
-52.0,-63.5,0.13887058948099168,-0.4380297873568104,0.8119976176005352
-52.0,-63.0,0.14037578843966333,-0.34129670686104263,0.8021765900547582
-52.0,-62.5,0.15037377436926888,-0.26889046179569176,0.8202184966626538
-52.0,-62.0,0.155969052132826,-0.1712255316381981,0.8380089520081067
-52.0,-61.5,0.15617038712365747,-0.04307228802525653,0.8516183620828344
-52.0,-61.0,0.1470839340250435,0.11808482647019436,0.8914346855644728
-52.0,-60.5,0.14099962563347293,0.26875855819912586,0.9253613845391018
-52.0,-60.0,0.1363231264665073,0.3577540020090595,1.0015004285308429
-52.0,-59.5,0.13467120105137176,0.3497227574412598,1.0964623908992783
-52.0,-59.0,0.1382154515248126,0.26526725873430124,1.18144478712051
-52.0,-58.5,0.15511362140494386,0.15816608349655747,1.260254182056626
-52.0,-58.0,0.18262149740049313,0.0948739464643058,1.3238281446753648
-52.0,-57.5,0.1963025150028135,0.12131211576493106,1.379438989676277
-52.0,-57.0,0.19173382985963625,0.1819851604597924,1.4175227781536683
-52.0,-56.5,0.17419072617304757,0.1478437494182765,1.4733751743138475
-52.0,-56.0,0.1854199820562644,0.059034584107428456,1.536828464838576
-52.0,-55.5,0.20233817555973213,-0.06794347670423706,1.5942270655039952
-52.0,-55.0,0.2116338988764144,-0.1457461850784354,1.6289948341545575
-52.0,-54.5,0.17884759034689943,-0.22181875386417915,1.6275102564362456
-52.0,-54.0,0.12971988380739796,-0.3056288091146522,1.7034544131989822
-51.5,-72.0,0.08209110853019885,-0.431343693387194,1.717459207687782
-51.5,-71.5,0.05169094804729718,-0.5547253687717802,1.6815427649331705
-51.5,-71.0,0.04475169097977638,-0.7398003142487859,1.6328520121621088
-51.5,-70.5,0.02607310821443226,-0.8279832491445868,1.5872288623739461
-51.5,-70.0,0.014345527492102092,-0.9154991641378487,1.5979173318209599
-51.5,-69.5,0.019603226841984844,-0.9801749908662094,1.5397212513667775
-51.5,-69.0,0.03842387159470115,-1.0541835190112039,1.4589475820845725
-51.5,-68.5,0.056612595279410455,-1.0939771578660404,1.3406907274815407
-51.5,-68.0,0.0642208130777874,-1.1092623764445915,1.2735366240342747
-51.5,-67.5,0.07015988150742877,-1.1078457349386883,1.1951364976215766
-51.5,-67.0,0.06399017398560874,-1.0657343826996177,1.128903371017143
-51.5,-66.5,0.05695370033104161,-1.0352555225764108,1.036056324258363
-51.5,-66.0,0.0492696642381214,-0.9830380383253887,0.9870568496896623
-51.5,-65.5,0.06003645731975649,-0.9385450868694885,0.945455058735249
-51.5,-65.0,0.061463236665487725,-0.8283043850532564,0.8870174696746106
-51.5,-64.5,0.07338592280944153,-0.7151873819152037,0.795297224534957
-51.5,-64.0,0.08959888121619106,-0.5711462747614495,0.764632359175637
-51.5,-63.5,0.10161639607149409,-0.4747779187759693,0.7353937314004347
-51.5,-63.0,0.1160621948444483,-0.4204270427162844,0.7721119607294169
-51.5,-62.5,0.1355571533294209,-0.3660810472265612,0.7761529208110601
-51.5,-62.0,0.1524433286704552,-0.2839065637350946,0.7911424102962548
-51.5,-61.5,0.1596498759122382,-0.12471544050429384,0.8085321315520656
-51.5,-61.0,0.15676261469411154,0.08126797224163518,0.8371357217784771
-51.5,-60.5,0.1518961255264096,0.2864159298823392,0.9050098843170219
-51.5,-60.0,0.15032685919657415,0.39470850997897533,0.9819324726617641
-51.5,-59.5,0.14347699243812298,0.37927677885417976,1.0654216096820213
-51.5,-59.0,0.13944265973004488,0.24680919945936308,1.1524727511736337
-51.5,-58.5,0.151079793773619,0.13658176409429457,1.2235283464684916
-51.5,-58.0,0.1774230236900526,0.057745207261092224,1.3107541109202459
-51.5,-57.5,0.20121284920414825,0.09420771587852217,1.3768884763444684
-51.5,-57.0,0.19410703680167748,0.13296472313567476,1.420084579329586
-51.5,-56.5,0.18494865784315648,0.1190187213017051,1.4515218960959613
-51.5,-56.0,0.17949781499732223,-0.011410644645439172,1.5285177126875258
-51.5,-55.5,0.20366603551881549,-0.0834856430243962,1.6018228638360534
-51.5,-55.0,0.20462926282978186,-0.18341660696915318,1.6319594764611054
-51.5,-54.5,0.18241812674977956,-0.2531011022241476,1.6550084907286313
-51.5,-54.0,0.12470141766596024,-0.3262990854650982,1.6697962491088882
-51.0,-72.0,0.07590287961694789,-0.4329128069060679,1.665917514039723
-51.0,-71.5,0.05503701219831239,-0.5752431972245353,1.6462707222917359
-51.0,-71.0,0.03318015055948881,-0.6867528629468377,1.5756620900260176
-51.0,-70.5,0.02603123350106057,-0.7737858590448734,1.552251850784611
-51.0,-70.0,0.014935254630615472,-0.8080342256587502,1.520281502275908
-51.0,-69.5,0.018747704315263083,-0.8961673148940861,1.4899715523266992
-51.0,-69.0,0.03180386662555021,-0.9737598434448265,1.3924415043429128
-51.0,-68.5,0.03850330812326386,-1.0297738243321763,1.3021319663346447
-51.0,-68.0,0.04221424731682216,-1.039147247208106,1.2320566981674568
-51.0,-67.5,0.04221813877960087,-1.0083480348132832,1.174437044981487
-51.0,-67.0,0.03940276397467479,-0.9880065645659581,1.1141209454125043
-51.0,-66.5,0.027636131217992688,-0.9389299965653937,1.0467982555573656
-51.0,-66.0,0.025573742015981837,-0.936199360433589,0.9913425233184795
-51.0,-65.5,0.025724127062064672,-0.8531001084038357,0.9358305475601206
-51.0,-65.0,0.03404201332840234,-0.782972226864983,0.8612246349601348
-51.0,-64.5,0.04787160955984138,-0.6466358950773589,0.7877373239383326
-51.0,-64.0,0.06844825302341631,-0.5669667508988165,0.7075376439485189
-51.0,-63.5,0.09062099996832007,-0.5004081380832679,0.7191595695237463
-51.0,-63.0,0.10572869883689931,-0.47228159875485176,0.7157782069493743
-51.0,-62.5,0.1247154108795114,-0.44602297474158503,0.7474349481660285
-51.0,-62.0,0.14672174487408715,-0.356436173938911,0.750975978679087
-51.0,-61.5,0.1549792456815822,-0.1914056329462619,0.7624199051126934
-51.0,-61.0,0.1663627686996433,0.037593650026790604,0.8062768092499505
-51.0,-60.5,0.1681392978123785,0.24970874298324697,0.8748255890992558
-51.0,-60.0,0.17073386967036383,0.35829520452509356,0.959099357926634
-51.0,-59.5,0.1713441398275444,0.301459713509741,1.0583843493863536
-51.0,-59.0,0.16332969841437991,0.1989067962721145,1.1259757349859445
-51.0,-58.5,0.17307061525814424,0.06472909499142432,1.219536986578551
-51.0,-58.0,0.19643180844363414,0.04206694348451223,1.2977574447999192
-51.0,-57.5,0.21155306644812769,0.04020349676256574,1.3765683540236424
-51.0,-57.0,0.20939471950713553,0.09046221643425123,1.3993760212820128
-51.0,-56.5,0.18614285058931992,0.035644809734467486,1.4465163939453987
-51.0,-56.0,0.1849309948906728,-0.018273451043168576,1.4986982360450056
-51.0,-55.5,0.18201692778623943,-0.12449891780016897,1.5884984771816786
-51.0,-55.0,0.19033600430383482,-0.16517499959612914,1.6350415133683947
-51.0,-54.5,0.163057180499012,-0.27490181204454167,1.6329462256127163
-51.0,-54.0,0.12625799962672804,-0.34930539890918744,1.652067226344737
-50.5,-72.0,0.08891691848669198,-0.43500791661596694,1.6117099232608572
-50.5,-71.5,0.055533219761206204,-0.5516361471602604,1.5915127511671057
-50.5,-71.0,0.04730491008626844,-0.6736659508309552,1.5581645714846477
-50.5,-70.5,0.028000320730084988,-0.7094238831187903,1.5001508012896658
-50.5,-70.0,0.019737583113314458,-0.7559603831941664,1.4886954609081238
-50.5,-69.5,0.017420428949102465,-0.8143956329127218,1.4406302351524225
-50.5,-69.0,0.02456672397404845,-0.9089680093827082,1.3795875983833157
-50.5,-68.5,0.03182769047621001,-0.936294425132371,1.3075696235936884
-50.5,-68.0,0.02595848333857395,-0.9403847416166509,1.228832724365185
-50.5,-67.5,0.023742964445167547,-0.9294573200006171,1.1831314797702037
-50.5,-67.0,0.020359586244695083,-0.8873621485407651,1.1229709717565652
-50.5,-66.5,0.018393583444962516,-0.8994163631087628,1.0636373382204516
-50.5,-66.0,0.019693992761638246,-0.850099856219032,0.9928473631061251
-50.5,-65.5,0.0175191714029736,-0.8202230908636405,0.9186438989858046
-50.5,-65.0,0.019921466230937573,-0.6964235835938419,0.8432650316487014
-50.5,-64.5,0.030248309973084336,-0.6234028721662302,0.7550014759764839
-50.5,-64.0,0.06211094979579804,-0.5374568611819107,0.7267260372362896
-50.5,-63.5,0.08307020674483168,-0.5197630596521547,0.6836386710677299
-50.5,-63.0,0.10568184614267473,-0.5151125945533843,0.7052451604394814
-50.5,-62.5,0.12438071735486994,-0.4968817081165723,0.7027509869510475
-50.5,-62.0,0.1380335843896429,-0.41554475413349223,0.724942935139379
-50.5,-61.5,0.16547953090735165,-0.2613544751276413,0.744690172418639
-50.5,-61.0,0.1755515256034714,-0.04209589792103574,0.7810158716602112
-50.5,-60.5,0.18709059747520904,0.13739547152010778,0.8475899583222346
-50.5,-60.0,0.19537048362773132,0.20667577854223995,0.9456522867535506
-50.5,-59.5,0.19899311111281756,0.15545605994955203,1.0294482407370384
-50.5,-59.0,0.19832721407628603,0.03344749813972436,1.1357531545237776
-50.5,-58.5,0.20170343363024254,0.012264178121181635,1.1920635275275222
-50.5,-58.0,0.21896173930892396,-0.01575835619056698,1.289345304068422
-50.5,-57.5,0.22977979723797684,0.024758298639337983,1.3307938505100887
-50.5,-57.0,0.21989307736049948,0.012129528308938431,1.3805469232031227
-50.5,-56.5,0.2069861039694121,0.006864299572908461,1.4106585106272937
-50.5,-56.0,0.18201722711468218,-0.07535779867632653,1.4864774945722308
-50.5,-55.5,0.17724667174003797,-0.0836429248312971,1.5457791700594472
-50.5,-55.0,0.1596833503957298,-0.17435276801263688,1.5860588304872811
-50.5,-54.5,0.14860342397035745,-0.24619474739463398,1.5895593050276444
-50.5,-54.0,0.11569546614278459,-0.34669520644721485,1.5893669357825149
-50.0,-72.0,0.08457372386232834,-0.404726459577056,1.5460182257550383
-50.0,-71.5,0.06885794855038968,-0.5289463802223477,1.5648214342990892
-50.0,-71.0,0.042476693911224855,-0.6272010866621283,1.5195477706394807
-50.0,-70.5,0.0334508781947781,-0.6868696315003918,1.4918034313947093
-50.0,-70.0,0.008491507822940975,-0.7136761650362128,1.4382703671390207
-50.0,-69.5,-0.002113249020542371,-0.7870741754984216,1.4123619796083897
-50.0,-69.0,0.005000727326868626,-0.8244653769487107,1.374375183023611
-50.0,-68.5,0.009792972879389503,-0.8516888408649765,1.3085216729893214
-50.0,-68.0,0.008037634139863373,-0.8284335892913272,1.2442583111770853
-50.0,-67.5,0.0014681829933088641,-0.8141808367008242,1.1657228323517133
-50.0,-67.0,0.008502221112214825,-0.8233716070397252,1.105583399434908
-50.0,-66.5,0.029197710590247117,-0.8012750821092097,1.0307192299136945
-50.0,-66.0,0.03614216931647604,-0.8174626405678095,0.953663779617246
-50.0,-65.5,0.03512494106421954,-0.7505859227948104,0.8586932442018493
-50.0,-65.0,0.015691026260580512,-0.6887925628595926,0.7724851415776011
-50.0,-64.5,0.02215818800982393,-0.5820662228471661,0.7388487825402097
-50.0,-64.0,0.03691645508999131,-0.5487838040394618,0.6895695060207425
-50.0,-63.5,0.07282989377281224,-0.5376881502331813,0.6974673139358112
-50.0,-63.0,0.09285604457183205,-0.5596561400811182,0.6613883151558186
-50.0,-62.5,0.11893139344744497,-0.553840187919957,0.6733884834406787
-50.0,-62.0,0.14916906585185521,-0.49782396351965286,0.7017149610000456
-50.0,-61.5,0.17109859512077072,-0.34498077031606367,0.7346005974515113
-50.0,-61.0,0.19776354402540944,-0.17810226713278055,0.7753534348881901
-50.0,-60.5,0.19875398015036053,-0.02357264918019708,0.8343129608416191
-50.0,-60.0,0.20953208758472494,-0.0016952407279744452,0.9101709014725913
-50.0,-59.5,0.21787280854787108,-0.07862661546965577,1.0239856462762331
-50.0,-59.0,0.21483382167287765,-0.12917906735649098,1.093402461864784
-50.0,-58.5,0.21693012729009933,-0.13310238293847299,1.1875344852151417
-50.0,-58.0,0.22342984758360387,-0.058594496868833224,1.2309634838645442
-50.0,-57.5,0.22733163655301916,-0.060874663447794575,1.2898899980978267
-50.0,-57.0,0.22574074980150735,-0.06554275306433377,1.3169405873721138
-50.0,-56.5,0.20464063623126474,-0.121764880305123,1.3834883984739268
-50.0,-56.0,0.19187546045871598,-0.1207980668747044,1.434764617750549
-50.0,-55.5,0.1619486553013468,-0.1560834880044406,1.4983943285839882
-50.0,-55.0,0.14876582026076254,-0.16872395743147162,1.5287524658283267
-50.0,-54.5,0.13118958648448711,-0.25821482768814996,1.5234194475029437
-50.0,-54.0,0.11655952332105393,-0.3227219219449986,1.5335380750806262
-49.5,-72.0,0.0833155345387244,-0.3670794285772816,1.5245760825529193
-49.5,-71.5,0.04685420419761943,-0.4744343946671321,1.5265481158274663
-49.5,-71.0,0.04361438785775287,-0.5891461843919887,1.5279126734774608
-49.5,-70.5,0.01815042408160547,-0.6465499215576171,1.4588845541649893
-49.5,-70.0,5.718412638479331e-05,-0.6888927462330056,1.4075496199910351
-49.5,-69.5,-0.023861010991020032,-0.7167899412346569,1.3655437709484006
-49.5,-69.0,-0.023819874333545488,-0.7546548307477594,1.3304644419905853
-49.5,-68.5,-0.016309611107900204,-0.7224715062759266,1.2977811352153907
-49.5,-68.0,-0.02325672068091611,-0.7099340629475729,1.225565751629701
-49.5,-67.5,-0.02596884582179472,-0.6969155575078181,1.1399171480673587
-49.5,-67.0,-0.0023221230882081584,-0.6902596859059735,1.0481914180316159
-49.5,-66.5,0.030027232983236257,-0.7133094481098109,0.9724237976761986
-49.5,-66.0,0.06268274543974639,-0.711203449344806,0.8859086163308495
-49.5,-65.5,0.04819488192431612,-0.7098885283847205,0.7937103836038519
-49.5,-65.0,0.030319471665412184,-0.6375425634241205,0.717511290169181
-49.5,-64.5,0.010218662278560664,-0.5810487025248462,0.6731529136634188
-49.5,-64.0,0.02747217753518802,-0.5383479806531573,0.6891033388746828
-49.5,-63.5,0.041161782825892834,-0.5539243379973359,0.6526772997459966
-49.5,-63.0,0.07693900838329862,-0.5854951405036394,0.6421850648176771
-49.5,-62.5,0.10663470780084733,-0.6100005935724282,0.6316141319794145
-49.5,-62.0,0.14411061307144957,-0.5573152699295066,0.6790181986862159
-49.5,-61.5,0.18343592523247912,-0.466129023551207,0.7363259650767782
-49.5,-61.0,0.1966983366649878,-0.3050007263103942,0.7734451231241881
-49.5,-60.5,0.20455410531758136,-0.22493651866043818,0.821994658268265
-49.5,-60.0,0.20544279850147537,-0.2185996197150939,0.8953268705576762
-49.5,-59.5,0.21380105059827567,-0.3065902741107307,0.9731977655987673
-49.5,-59.0,0.21257766303906714,-0.35592497476199925,1.075887851836842
-49.5,-58.5,0.20878646025865547,-0.2827468334628014,1.1325158164039193
-49.5,-58.0,0.20903687506600657,-0.22799195462863575,1.2009950716417006
-49.5,-57.5,0.2109203368981936,-0.2146918903770767,1.2233905678283632
-49.5,-57.0,0.20054356259084574,-0.2795907006946836,1.2669375366634006
-49.5,-56.5,0.1993328008652254,-0.2961190069155908,1.318506526360667
-49.5,-56.0,0.17766893020812027,-0.30077468837780374,1.387506789190865
-49.5,-55.5,0.16606978505048206,-0.24426602900289973,1.4465061070301684
-49.5,-55.0,0.14493151135280163,-0.25063234088543207,1.4826809036224111
-49.5,-54.5,0.13397553230636547,-0.26239771047599425,1.5012471812848922
-49.5,-54.0,0.10925082979629583,-0.2988968662115701,1.490817372291496
-49.0,-72.0,0.05278600658713262,-0.34136556046913213,1.4936074222661857
-49.0,-71.5,0.031153602477055203,-0.44605552077765687,1.5374232680352389
-49.0,-71.0,0.009900777162592689,-0.5347138780894997,1.5175833217234573
-49.0,-70.5,0.018287250823904255,-0.5822294825348666,1.4672506795972278
-49.0,-70.0,-0.00905625306236603,-0.5916523185188332,1.3874263862997334
-49.0,-69.5,-0.025675793337784247,-0.5959903644730837,1.3160601772572325
-49.0,-69.0,-0.03251116473185432,-0.5877929590799337,1.283599438753932
-49.0,-68.5,-0.03155002510704806,-0.5943699655312102,1.247760324374257
-49.0,-68.0,-0.04146652563888243,-0.5665146557903717,1.1941153069343562
-49.0,-67.5,-0.043090264749172796,-0.5708687444276529,1.1001763623229996
-49.0,-67.0,-0.021879582957207253,-0.5649323363999575,0.9913677535638273
-49.0,-66.5,0.029599573549642016,-0.5622132419776981,0.9084352268144964
-49.0,-66.0,0.05467410864887853,-0.5913266393459832,0.8510249667622741
-49.0,-65.5,0.06410765463886431,-0.5941546285494458,0.7578162328494611
-49.0,-65.0,0.0376475399622295,-0.5751675882162397,0.6919049083418202
-49.0,-64.5,0.030233262913555686,-0.5260781273496303,0.666785435834494
-49.0,-64.0,0.02169673442616571,-0.5047520702170527,0.6513541931767687
-49.0,-63.5,0.03955100431726369,-0.5197167342023443,0.6532040011215698
-49.0,-63.0,0.0512883859881218,-0.5573915670802767,0.6106419524123582
-49.0,-62.5,0.09301689356076934,-0.5919556576910773,0.6142975390129144
-49.0,-62.0,0.13242883682126572,-0.6047003582172079,0.6621371906611406
-49.0,-61.5,0.16902294794174946,-0.5293442862487701,0.7168989478987098
-49.0,-61.0,0.1942843770189477,-0.46001317526229657,0.7567694383451196
-49.0,-60.5,0.18995741428922888,-0.38621137098987357,0.7862494032053065
-49.0,-60.0,0.19408395960922245,-0.43839393789873415,0.8407528000426144
-49.0,-59.5,0.19386267508101648,-0.5225692278472313,0.9191357260518741
-49.0,-59.0,0.19380571899628415,-0.5561696692098823,1.0066702832862788
-49.0,-58.5,0.19354130540629658,-0.5068899914833976,1.1006732155864347
-49.0,-58.0,0.19345985714890254,-0.43696587931011843,1.148731071115581
-49.0,-57.5,0.18719812664521931,-0.4819138154200798,1.1879882815046992
-49.0,-57.0,0.18884747382397224,-0.5272031385397725,1.2292003386081092
-49.0,-56.5,0.1766470420331556,-0.5450670853219731,1.28347332835684
-49.0,-56.0,0.18376391982761062,-0.4615394300850828,1.3480478514496088
-49.0,-55.5,0.1698893943773879,-0.39722146158588933,1.410075680525729
-49.0,-55.0,0.16167111479575805,-0.3304425611218478,1.466041704641648
-49.0,-54.5,0.13985646591291231,-0.3105913866507921,1.470895902457599
-49.0,-54.0,0.10567096195142331,-0.30237805078692204,1.4862608816491354
-48.5,-72.0,0.03295729110025117,-0.3962001540497424,1.4738217809918077
-48.5,-71.5,-0.008859644019091978,-0.449194943954748,1.508373357682946
-48.5,-71.0,0.0023689681153682557,-0.501347910816479,1.5169926641611853
-48.5,-70.5,-0.001232939354778237,-0.49825458723282556,1.4585356072239986
-48.5,-70.0,0.0005621959744661759,-0.450399834300383,1.37236277252508
-48.5,-69.5,-0.01955706027050759,-0.40372205765069147,1.3026869810854662
-48.5,-69.0,-0.020123261893958883,-0.40820025591101217,1.227685229039866
-48.5,-68.5,-0.02495116879869949,-0.417230416643677,1.1990549388022083
-48.5,-68.0,-0.036601781156945304,-0.4524654695067921,1.1509761476992122
-48.5,-67.5,-0.04761539240858155,-0.44181936006945066,1.0563698445260175
-48.5,-67.0,-0.02879216452005126,-0.4223282661592104,0.947386608505067
-48.5,-66.5,0.0014901313732005178,-0.40192150973806007,0.8766050269046552
-48.5,-66.0,0.04029014510471493,-0.4057063385519655,0.8157949319574433
-48.5,-65.5,0.04662827723791668,-0.44417372090814133,0.7672207235026296
-48.5,-65.0,0.05258744863185985,-0.45616707736856765,0.6949906278880431
-48.5,-64.5,0.042020019752272375,-0.4406593591169967,0.6672924849418098
-48.5,-64.0,0.044267759199653256,-0.43188679368676797,0.6529562093986513
-48.5,-63.5,0.03436214710061297,-0.4330487336530352,0.632606877221778
-48.5,-63.0,0.05473727993600344,-0.47998919400766693,0.6118812328132898
-48.5,-62.5,0.07641625905321625,-0.5533250915069624,0.5981029173714859
-48.5,-62.0,0.12187715020481205,-0.5990469952033816,0.6428539093403901
-48.5,-61.5,0.16050802877425105,-0.6234482566758505,0.6861907138784106
-48.5,-61.0,0.17944790357380078,-0.5656689556293176,0.7129286336618714
-48.5,-60.5,0.18841555384319356,-0.5701443118693984,0.7476078792827567
-48.5,-60.0,0.17675741959961191,-0.6101576528609097,0.7770169444265841
-48.5,-59.5,0.17618979275747912,-0.7184586045220963,0.8557139024296179
-48.5,-59.0,0.17528879041632353,-0.7624106568248662,0.9528700236204745
-48.5,-58.5,0.17948899531047532,-0.7055534740172172,1.0547247785964262
-48.5,-58.0,0.18346791040103314,-0.691031034796801,1.1217124611862137
-48.5,-57.5,0.18593222247173377,-0.7111686868382479,1.1710210568176638
-48.5,-57.0,0.1754095000879021,-0.7758885813793025,1.2218039421517137
-48.5,-56.5,0.18475322589678703,-0.7137993114621574,1.2796146629060041
-48.5,-56.0,0.18001619294190976,-0.6271584929490365,1.3384359795441596
-48.5,-55.5,0.18516525909837486,-0.5114022214940608,1.4001205295792034
-48.5,-55.0,0.168570268470193,-0.45886760583981123,1.4321619181522212
-48.5,-54.5,0.1409322732871007,-0.39814357030005,1.4575999084340625
-48.5,-54.0,0.08598076630461168,-0.3669354652179706,1.4381084432816524
-48.0,-72.0,0.012840031308533312,-0.4695003921233277,1.4228998237033847
-48.0,-71.5,-0.009547107181983622,-0.5088740184128518,1.4721706232980754
-48.0,-71.0,-0.011614677913745694,-0.48428180204084026,1.4775081954437514
-48.0,-70.5,0.007218801709865677,-0.4313675579805385,1.4207236619563557
-48.0,-70.0,-0.001499491094188607,-0.32833722440755064,1.353750086368882
-48.0,-69.5,-0.0028848361813935963,-0.240748109608252,1.2635572176765288
-48.0,-69.0,-0.004065147808619024,-0.22042832166923643,1.20591109419273
-48.0,-68.5,-0.0005861020448763438,-0.27944111316410125,1.1448456706943817
-48.0,-68.0,-0.01454623060216817,-0.2994861230181569,1.1102388160415595
-48.0,-67.5,-0.029515947373940643,-0.3077355598535405,1.0324813507729513
-48.0,-67.0,-0.030545841924691217,-0.25825315285521344,0.924421988115363
-48.0,-66.5,-0.009634139225027455,-0.2064945208329787,0.8415001524843535
-48.0,-66.0,0.010769342988312655,-0.2141481561618448,0.8001391956160828
-48.0,-65.5,0.033458684503062996,-0.26363090153037727,0.7317319656877849
-48.0,-65.0,0.04022176781538317,-0.3186504915235502,0.69970405629442
-48.0,-64.5,0.05061894357876223,-0.34569284132363887,0.6467493411100145
-48.0,-64.0,0.040306593287386505,-0.33316060672752523,0.6284053322670513
-48.0,-63.5,0.04527903662422844,-0.358519145360197,0.608083788921392
-48.0,-63.0,0.04734918982339276,-0.4226145417296372,0.5851856132208615
-48.0,-62.5,0.08250156660890204,-0.5355451907918869,0.5869923908084927
-48.0,-62.0,0.11366328279687066,-0.6667056583209068,0.6020196389259285
-48.0,-61.5,0.15051463755442065,-0.7043609266995701,0.6578921993925768
-48.0,-61.0,0.17918198319848636,-0.7192874959330491,0.6987983260041841
-48.0,-60.5,0.17599342417907318,-0.6990150147331273,0.7250461055644751
-48.0,-60.0,0.17492451858613153,-0.7811718482562635,0.777131696636087
-48.0,-59.5,0.1612745618240927,-0.8794233116483201,0.8154038975025013
-48.0,-59.0,0.16153389199980525,-0.9344046753093003,0.9249214462885125
-48.0,-58.5,0.17134653411966846,-0.924269227169181,1.0203415384676098
-48.0,-58.0,0.17894809053138896,-0.8689274748977178,1.102229060257876
-48.0,-57.5,0.18115491790154817,-0.9188004132518457,1.157487538966189
-48.0,-57.0,0.18450378533658793,-0.9062444136658248,1.21831816217517
-48.0,-56.5,0.17706643361122829,-0.8605569933123622,1.2697010071084645
-48.0,-56.0,0.18765205083101047,-0.7214967976837634,1.3261231185576705
-48.0,-55.5,0.17943058536411907,-0.6450307365052298,1.372850842915231
-48.0,-55.0,0.1651628366169681,-0.5668665089323428,1.4173866492452705
-48.0,-54.5,0.12728799162825014,-0.5073773770490134,1.406817881285641
-48.0,-54.0,0.07348079764796336,-0.47316399588192015,1.408023866651053
-47.5,-72.0,0.022744744236677134,-0.5566832752700587,1.4069682463544266
-47.5,-71.5,0.0003292789275105845,-0.523697598490883,1.4442211748338623
-47.5,-71.0,0.010049963676242488,-0.4863033298228696,1.4422309639562894
-47.5,-70.5,0.014660210457475467,-0.3702401500035222,1.3925063377511617
-47.5,-70.0,0.013282774011278586,-0.24272198352214658,1.312878034550492
-47.5,-69.5,0.007190566147306551,-0.11281643008602571,1.257146951798288
-47.5,-69.0,0.01999940447423927,-0.09136189688457597,1.1622503030177864
-47.5,-68.5,0.025112057148729328,-0.11423840621230541,1.122610937746656
-47.5,-68.0,0.01868689383976714,-0.15886612168301628,1.0730725715567844
-47.5,-67.5,0.001967330597696368,-0.1296754303071439,1.0083549730603028
-47.5,-67.0,-0.008808862612199472,-0.0938200047536153,0.8979028328165812
-47.5,-66.5,0.0004856878413764393,-0.055450530076568416,0.8063415835010591
-47.5,-66.0,0.012478936583111944,-0.06358921856309552,0.7294860635846933
-47.5,-65.5,0.019648540014417737,-0.13151413908410614,0.6873373304689706
-47.5,-65.0,0.030169759388118528,-0.2201010923641915,0.6324911279818278
-47.5,-64.5,0.029821279107239113,-0.25194627860166596,0.6170896275137193
-47.5,-64.0,0.034265680435403206,-0.28346002993063024,0.5784502858308236
-47.5,-63.5,0.03038626287458837,-0.3199278044245397,0.575693731736894
-47.5,-63.0,0.05475361177051197,-0.42491138741317647,0.5639296985776423
-47.5,-62.5,0.07263105374353049,-0.5965901746527217,0.5456470242775282
-47.5,-62.0,0.1073072599316505,-0.7349758766385963,0.5838657323524931
-47.5,-61.5,0.13692168407456415,-0.8351847366179286,0.6193814329617848
-47.5,-61.0,0.15612013008716127,-0.8184093966725403,0.6869216430628117
-47.5,-60.5,0.17138998917658202,-0.8508188715025493,0.7482456400729156
-47.5,-60.0,0.1602069391242356,-0.8997190104881048,0.7753422127562101
-47.5,-59.5,0.15514537365541178,-1.0264288336530185,0.8401392088861549
-47.5,-59.0,0.15315491492646735,-1.1103008595897177,0.9013347528402649
-47.5,-58.5,0.15874824439180993,-1.086110611253994,1.012519352281442
-47.5,-58.0,0.1731025104800656,-1.0620745795832955,1.0813381770348742
-47.5,-57.5,0.1793259189066108,-1.013559053881392,1.1502386207206599
-47.5,-57.0,0.1754610623001487,-1.0308280264547378,1.2034696886898233
-47.5,-56.5,0.18014219131641532,-0.9294610438593607,1.2443840058421487
-47.5,-56.0,0.17894286678695223,-0.8436618728754534,1.2950605461210425
-47.5,-55.5,0.1775605953197055,-0.7379489651775623,1.3428077835009857
-47.5,-55.0,0.1560852440277917,-0.6659437784793754,1.368401257648739
-47.5,-54.5,0.12075859957010018,-0.585715984619803,1.3879333933913616
-47.5,-54.0,0.06983730515820927,-0.5292833439061684,1.3790383702750881
-47.0,-72.0,0.03893829444046909,-0.5573459800853389,1.416822623424029
-47.0,-71.5,0.02360043891067,-0.5567939085839932,1.4309733922721493
-47.0,-71.0,0.03275331453935429,-0.4232042830168383,1.4220413787060837
-47.0,-70.5,0.03700526696797243,-0.31207992206233626,1.3713970572279797
-47.0,-70.0,0.02641505484639778,-0.1498039322979854,1.317266960601543
-47.0,-69.5,0.02532115517733552,-0.026641009552355488,1.2250382944996638
-47.0,-69.0,0.030352687745153234,0.029246745549893927,1.1699668478355068
-47.0,-68.5,0.041338348299087085,-0.0027743546318357293,1.0747445446370398
-47.0,-68.0,0.03633856247510622,0.0045347574504550625,1.0432269629708593
-47.0,-67.5,0.02011885631121342,0.007099414445592034,0.9599984311783301
-47.0,-67.0,0.018834023288287094,0.0423230141907307,0.8551473759198779
-47.0,-66.5,0.02132764624358019,0.03585844757064649,0.7492793369876262
-47.0,-66.0,0.029705590262803477,0.004633560953609894,0.6746228317033921
-47.0,-65.5,0.02392659088556344,-0.08245348192744117,0.6055427223395158
-47.0,-65.0,0.01921356811103929,-0.15367642555625372,0.5840899486021469
-47.0,-64.5,0.024403889315076532,-0.23462635831629908,0.5507765763577743
-47.0,-64.0,0.022251906002926952,-0.2714838041570342,0.5526410495129394
-47.0,-63.5,0.03867984916476838,-0.3557514248543858,0.536441280923577
-47.0,-63.0,0.04900593351973853,-0.4895176998625207,0.5275510280207099
-47.0,-62.5,0.07559099362782978,-0.6400830792087695,0.5274411363111855
-47.0,-62.0,0.08862068227434727,-0.8119684193685331,0.5255933190480295
-47.0,-61.5,0.11102481599486644,-0.8709086878004692,0.5903178489737116
-47.0,-61.0,0.13416010888408,-0.9278900687021034,0.647647119165371
-47.0,-60.5,0.14528972499339982,-0.9413338097600075,0.7155888599099298
-47.0,-60.0,0.15556495850437088,-1.046471459629848,0.7832233574410905
-47.0,-59.5,0.15092047423277757,-1.1505763478516038,0.831491126851681
-47.0,-59.0,0.14605839797167539,-1.2500904442294338,0.9205486150197995
-47.0,-58.5,0.15844070031665872,-1.2620547663057724,0.9984947736138899
-47.0,-58.0,0.16671226835351208,-1.1658261701242034,1.0802682479372374
-47.0,-57.5,0.17474928811063037,-1.13472015922178,1.138953142517849
-47.0,-57.0,0.172636894416998,-1.070741700103063,1.1853477954283234
-47.0,-56.5,0.17037252942657974,-1.0355766388850174,1.2285568151087738
-47.0,-56.0,0.17756558219691107,-0.9157933910731155,1.2730275137855116
-47.0,-55.5,0.17438983912965914,-0.8362016255649637,1.3146721530401724
-47.0,-55.0,0.15548040613245487,-0.722881025647494,1.3514231983193334
-47.0,-54.5,0.12180936107016263,-0.6160456938500545,1.3673331938479678
-47.0,-54.0,0.07803492249781727,-0.58819444646282,1.3901934183328695
-46.5,-72.0,0.05207641534343341,-0.6282315306262447,1.4066248268035555
-46.5,-71.5,0.04343469928400834,-0.5201491058147206,1.3979288023719578
-46.5,-71.0,0.0526133428217479,-0.4014333829639032,1.36569211013048
-46.5,-70.5,0.05654463561616391,-0.21303108904410162,1.3410976542712263
-46.5,-70.0,0.04659441282637505,-0.07428254449056593,1.2792214193805467
-46.5,-69.5,0.03528852548331854,0.04511076346567622,1.229887926163291
-46.5,-69.0,0.03905607122007021,0.08992894250926886,1.1192526908786717
-46.5,-68.5,0.03202799105880211,0.08872738781083078,1.0639201055789829
-46.5,-68.0,0.024162492747757086,0.08140056690788922,0.9769185834450916
-46.5,-67.5,0.020692373019146518,0.12776538565579365,0.9138554183621238
-46.5,-67.0,0.01617822935989996,0.12627485513196657,0.8034299890819415
-46.5,-66.5,0.03476532044140046,0.11826189008305454,0.7104106671154979
-46.5,-66.0,0.033493966730880564,0.03053368578224358,0.628043256087145
-46.5,-65.5,0.027073116846417694,-0.040128148695370625,0.5687341584662402
-46.5,-65.0,0.020298200251283607,-0.15434083328386516,0.5182940819771498
-46.5,-64.5,0.023529568445123036,-0.21851896211266886,0.5151048913678294
-46.5,-64.0,0.039260072870010515,-0.32270894769422,0.4960388833291015
-46.5,-63.5,0.047414034023301216,-0.42381392648119254,0.5019537897881967
-46.5,-63.0,0.06915367309433665,-0.5434980855693479,0.48650983607304876
-46.5,-62.5,0.07230302104617192,-0.6942340089836768,0.4757936813685578
-46.5,-62.0,0.08256709655847735,-0.7931570393711359,0.49514256590881744
-46.5,-61.5,0.08857514565997907,-0.9084945974923353,0.5213522126448314
-46.5,-61.0,0.10550173341576291,-0.9602518715676032,0.5849489230045474
-46.5,-60.5,0.12804196249754232,-1.079950011052518,0.6440848073929462
-46.5,-60.0,0.145604852010696,-1.151198281694045,0.7283929449435333
-46.5,-59.5,0.1463164420914298,-1.2765908774677657,0.8167643883478795
-46.5,-59.0,0.14880819989843463,-1.3507486803672901,0.908235744630607
-46.5,-58.5,0.14910628143717564,-1.3411606227068218,0.9981798820557424
-46.5,-58.0,0.16688838391099284,-1.2696540734823083,1.0578824817275745
-46.5,-57.5,0.16721720967185935,-1.1626504592526115,1.1011649790606817
-46.5,-57.0,0.16074540613858676,-1.1512137666599491,1.144647748052961
-46.5,-56.5,0.15970491563123831,-1.0625778258987748,1.1810374101010173
-46.5,-56.0,0.16485104413176419,-0.9979326069635914,1.2432578988962573
-46.5,-55.5,0.16605238624355254,-0.8624781262760111,1.296196355914272
-46.5,-55.0,0.15253068539718997,-0.7533489461470727,1.3318478891150238
-46.5,-54.5,0.1245160437031422,-0.6592307867366384,1.3615345206827714
-46.5,-54.0,0.08812721329510842,-0.6028341437280765,1.40066829560231
-46.0,-72.0,0.06182167515386805,-0.6344787790431418,1.3893819186501986
-46.0,-71.5,0.050623626172675934,-0.5676845501547665,1.3260326590176748
-46.0,-71.0,0.06330351919258867,-0.341740327594684,1.2875653646307783
-46.0,-70.5,0.06849601330693167,-0.169128234272089,1.2512729975375465
-46.0,-70.0,0.05670797280182105,-0.02643863987526829,1.2329177255710464
-46.0,-69.5,0.05038238873396017,0.07189548931601575,1.1612833186709166
-46.0,-69.0,0.032693606020067795,0.09891643216429191,1.1103883100567529
-46.0,-68.5,0.016408998505527683,0.10574425801888854,1.0080040045853904
-46.0,-68.0,0.0034461241736157,0.12901846087461943,0.9601258093748024
-46.0,-67.5,-0.003610776200079019,0.16872649257378014,0.8777637854292243
-46.0,-67.0,0.012445414102634361,0.22563397449640687,0.7873489897557695
-46.0,-66.5,0.015472576908286198,0.173120232414534,0.6926242219181773
-46.0,-66.0,0.0268047792073203,0.09521090212916894,0.6139145359977249
-46.0,-65.5,0.013468927553037607,-0.04387353645179237,0.5364650270127944
-46.0,-65.0,0.011057923760182359,-0.11950076377517593,0.49250167728325056
-46.0,-64.5,0.022603790038442456,-0.24105001521804192,0.4512260794123214
-46.0,-64.0,0.03928537956698777,-0.33626532615168503,0.4594459834563668
-46.0,-63.5,0.06417980130307946,-0.4607635486391195,0.4474413464948914
-46.0,-63.0,0.0726269648330953,-0.5807184463462421,0.4530515813214874
-46.0,-62.5,0.08086814064970871,-0.6704611023730195,0.44923302010269917
-46.0,-62.0,0.07133806008248028,-0.7932375908977952,0.4551177822916652
-46.0,-61.5,0.07272227279930987,-0.878958611629037,0.4813574284660056
-46.0,-61.0,0.081069744113418,-1.0376407919577408,0.5043267521748521
-46.0,-60.5,0.107351107199232,-1.1453621691182587,0.567885815845528
-46.0,-60.0,0.13080823467481792,-1.275132743474921,0.6462618734447086
-46.0,-59.5,0.14181635331059658,-1.3298847896547787,0.7657172318650708
-46.0,-59.0,0.13071138143222286,-1.3901714913635965,0.8759138342263029
-46.0,-58.5,0.13953724010454163,-1.3743387424256606,0.9662502060740553
-46.0,-58.0,0.1433097165468468,-1.277425631158927,1.0140218360258433
-46.0,-57.5,0.146175119080749,-1.2247734048333967,1.048498426611332
-46.0,-57.0,0.13747023040746062,-1.1595399330229248,1.0690985312228747
-46.0,-56.5,0.13365668096001737,-1.1345979105500037,1.1192646322893949
-46.0,-56.0,0.14066600773951177,-0.9945935276736506,1.1832539512548979
-46.0,-55.5,0.14589722034037536,-0.8931862241556315,1.2522526252981236
-46.0,-55.0,0.1431978780742141,-0.755288571725353,1.3011943281311602
-46.0,-54.5,0.1252205306034833,-0.680030650886427,1.349816252003851
-46.0,-54.0,0.09207683938136418,-0.6824397094386419,1.3739038219990543
-45.5,-72.0,0.05991664400599206,-0.6934897883570396,1.3445639800478033
-45.5,-71.5,0.05194494195399743,-0.5366094154677937,1.304866272934713
-45.5,-71.0,0.06074314375329351,-0.3637206105237769,1.2192501208401056
-45.5,-70.5,0.06481401917274607,-0.15808564955555093,1.1923962480805022
-45.5,-70.0,0.06095809114466891,-0.030142574914852727,1.1555196645891566
-45.5,-69.5,0.047385969455224636,0.030506497220121886,1.1373316226199757
-45.5,-69.0,0.032339399174567185,0.08195562700154957,1.0693246692179443
-45.5,-68.5,0.0030097376140595516,0.07429312806355437,1.0104037673521946
-45.5,-68.0,-0.014351420903234297,0.10140491525379902,0.9449442425929002
-45.5,-67.5,-0.0038675040885119832,0.17222081539703638,0.8847227310090403
-45.5,-67.0,-0.004677091362896291,0.2176969857905795,0.7902015471349046
-45.5,-66.5,0.013170786707818627,0.20296330901305648,0.6950141277308315
-45.5,-66.0,0.0051473498216699776,0.059401714007438544,0.6070097526889636
-45.5,-65.5,0.0043357579249911765,-0.04880406682564864,0.5444741404697621
-45.5,-65.0,-0.006938049481901021,-0.16446112035501637,0.4664677566957599
-45.5,-64.5,0.005181774312565654,-0.23500749573389834,0.43979201693412895
-45.5,-64.0,0.030010092391181298,-0.3544119814223854,0.4072096743627257
-45.5,-63.5,0.05187710578159921,-0.4645695142939339,0.42341584136156385
-45.5,-63.0,0.07081159293106315,-0.5641155463450881,0.42270977508458296
-45.5,-62.5,0.06838726965146669,-0.6643226939536413,0.4416092008755289
-45.5,-62.0,0.061933703515028526,-0.7409599039000658,0.4515378357968821
-45.5,-61.5,0.05218553272618376,-0.8926610476057643,0.46314117350507433
-45.5,-61.0,0.06082709328920424,-1.034579809887425,0.48447352466491833
-45.5,-60.5,0.08651025322039418,-1.211888239030097,0.510912501976985
-45.5,-60.0,0.11785202694040162,-1.2893564326780007,0.6039593140696498
-45.5,-59.5,0.12408364064592439,-1.3627256142539967,0.7016939197761718
-45.5,-59.0,0.11742480917913015,-1.3824341932302695,0.8220569012490033
-45.5,-58.5,0.10663304556720685,-1.3673319484224105,0.9095744717250703
-45.5,-58.0,0.10928150700283171,-1.3160708915174926,0.9673201232906271
-45.5,-57.5,0.10535556898782072,-1.2442026297321631,0.9988939375129863
-45.5,-57.0,0.09681319509505656,-1.239134446122964,1.0453623539691
-45.5,-56.5,0.09808817776320952,-1.1422084283355873,1.0790424651810298
-45.5,-56.0,0.10462803750759456,-1.056684090397038,1.1431301088487555
-45.5,-55.5,0.12199255778372767,-0.8852380136597184,1.2008202976377331
-45.5,-55.0,0.13035202625185058,-0.7848174902578896,1.260237903854875
-45.5,-54.5,0.12178421326205727,-0.7171931036453137,1.3006262407154774
-45.5,-54.0,0.09540738304648919,-0.6870030081614312,1.3656902395015769
-45.0,-72.0,0.06105427303832647,-0.6342668620555969,1.346014841996018
-45.0,-71.5,0.045046024879276475,-0.5708719340975307,1.287689278663486
-45.0,-71.0,0.05352530677749204,-0.3683892472185901,1.2375216791770858
-45.0,-70.5,0.05810265945527088,-0.21760929481661928,1.1623634472231041
-45.0,-70.0,0.05346287712879674,-0.10700160169350625,1.1446328249241815
-45.0,-69.5,0.05086538469847421,-0.013766647449628078,1.1080958196305715
-45.0,-69.0,0.034305478091823216,0.0075701449174436775,1.0668072176503272
-45.0,-68.5,0.009253855249414702,0.01534525570453149,0.9970878890559914
-45.0,-68.0,0.0031563730838675697,0.008205859647820724,0.9329171162988201
-45.0,-67.5,0.0030389782332015114,0.05824961022017194,0.8677436598146403
-45.0,-67.0,0.020632147748001803,0.10978605581272638,0.77763652419324
-45.0,-66.5,0.012095983484805395,0.06947426125250256,0.673358627702575
-45.0,-66.0,0.0236739603695357,-0.0390851479968819,0.6014909571460945
-45.0,-65.5,0.0052245193471480295,-0.17053751920890958,0.5293550071774705
-45.0,-65.0,0.001596086488752299,-0.2262574980105767,0.4874113519892347
-45.0,-64.5,-0.0011069181566528974,-0.3000211386085774,0.42080718767079417
-45.0,-64.0,0.018102555250442326,-0.3804940284234055,0.40999225258071204
-45.0,-63.5,0.03923323209948834,-0.49114374756634926,0.38814447571945965
-45.0,-63.0,0.050227832700012354,-0.5932708406700417,0.40683083896049
-45.0,-62.5,0.05413846593119104,-0.6578661995019001,0.42946457774305435
-45.0,-62.0,0.04753661344004276,-0.7524470853302674,0.4547946815669093
-45.0,-61.5,0.04436437713726871,-0.863475625502387,0.4763292331052652
-45.0,-61.0,0.05186321551316858,-1.045211232456112,0.4879912593358876
-45.0,-60.5,0.07430262643795502,-1.1729593784453256,0.5260396250077312
-45.0,-60.0,0.10574435124035464,-1.2837073298980692,0.5772486050072658
-45.0,-59.5,0.11020704048427318,-1.3231249423833376,0.6724596102784008
-45.0,-59.0,0.09752919772092344,-1.3644363890910434,0.7636883169958187
-45.0,-58.5,0.07676556231360654,-1.362037455789332,0.8456115624056307
-45.0,-58.0,0.06913884359098998,-1.3179355542549562,0.9086725314307387
-45.0,-57.5,0.057273209302691,-1.2925694830619894,0.9767108061831699
-45.0,-57.0,0.05599265051376606,-1.2368988929011153,1.0324469479216052
-45.0,-56.5,0.05461764405258093,-1.1893216409526903,1.0883345878568007
-45.0,-56.0,0.07123471570297002,-1.038536972262051,1.117171169275607
-45.0,-55.5,0.09232059057049441,-0.932041680955392,1.1571013925693494
-45.0,-55.0,0.114578151462783,-0.7952464822294253,1.1922950431407842
-45.0,-54.5,0.11604157708917384,-0.7145905949444272,1.2638217478170493
-45.0,-54.0,0.08764961353560685,-0.7013813101813854,1.3051504646640884
-44.5,-72.0,0.042632115002205734,-0.6299716255524617,1.2932605337642837
-44.5,-71.5,0.03726409452603463,-0.5246061202734488,1.2937897073477669
-44.5,-71.0,0.038634937340248116,-0.43578262556852454,1.2305548807061348
-44.5,-70.5,0.04647288670417843,-0.30183603850288976,1.1870050105473022
-44.5,-70.0,0.050269380624530374,-0.20520643259127969,1.1198180168580427
-44.5,-69.5,0.056288174461100154,-0.13651931445846577,1.0980325816796195
-44.5,-69.0,0.04790655022426152,-0.09091321513307715,1.0389389576119632
-44.5,-68.5,0.035134915403396416,-0.12245839740566633,0.9622898365117691
-44.5,-68.0,0.025394003121563313,-0.14352581948633691,0.8955630366446112
-44.5,-67.5,0.041487002154727365,-0.13119597857359966,0.8239036173153493
-44.5,-67.0,0.04046978122751477,-0.08960429866452846,0.7354451596108278
-44.5,-66.5,0.05291250588734961,-0.11303704773034906,0.65143911431209
-44.5,-66.0,0.043823221648591204,-0.19771244473952843,0.5618601787582305
-44.5,-65.5,0.04840539750373671,-0.2750000768315175,0.5205963751202949
-44.5,-65.0,0.02441551171130177,-0.326200483728309,0.47045745373149395
-44.5,-64.5,0.021927471717745922,-0.35765091669815074,0.4473892555032539
-44.5,-64.0,0.02117319048012431,-0.4345304065047402,0.4031923860813089
-44.5,-63.5,0.029336254100470166,-0.536735554627845,0.38423812988602957
-44.5,-63.0,0.03475540305329941,-0.6328810014308532,0.38252604799411627
-44.5,-62.5,0.039094145016388804,-0.7006916303752196,0.40187474829382774
-44.5,-62.0,0.04379497377578581,-0.7465031854001783,0.4355022829513321
-44.5,-61.5,0.04908078103730851,-0.8557823266379924,0.4650143626405293
-44.5,-61.0,0.0507022037220769,-0.9753410300628138,0.4909473541117195
-44.5,-60.5,0.06841989223414915,-1.106823338249776,0.5109795366903076
-44.5,-60.0,0.07801354403089608,-1.181600792638914,0.5669326503110232
-44.5,-59.5,0.09085015018270154,-1.2481693271121572,0.6349998807585449
-44.5,-59.0,0.0654582776878044,-1.2660643878886,0.7170179230962531
-44.5,-58.5,0.05229024398599266,-1.2719202102614175,0.7914716155659297
-44.5,-58.0,0.027014854374085656,-1.2416261792346648,0.8625182998523455
-44.5,-57.5,0.029951262029935866,-1.2072460428245708,0.9403599871191654
-44.5,-57.0,0.023373326145003856,-1.1921080999204765,1.024661894441779
-44.5,-56.5,0.0344852269025436,-1.1043585125609099,1.07011730801747
-44.5,-56.0,0.04340322711947578,-1.0207448072785628,1.0969971898628852
-44.5,-55.5,0.07000696471903492,-0.8905547539467115,1.1031015769607615
-44.5,-55.0,0.0925484603691856,-0.7928423562373402,1.1479066010061643
-44.5,-54.5,0.0937581485290985,-0.6966035551555728,1.1991078988623605
-44.5,-54.0,0.07929086113964717,-0.6213300913099403,1.2743738311268695
-44.0,-72.0,0.028077174313057646,-0.57288237346263,1.2522176628131791
-44.0,-71.5,0.01003028519661954,-0.5738687315549179,1.2404665417357021
-44.0,-71.0,0.02181559875786425,-0.4665755600382471,1.2267384571635238
-44.0,-70.5,0.02740805061072385,-0.40493579006392477,1.1602663965862567
-44.0,-70.0,0.045875275627881656,-0.34561129972069615,1.130301584581038
-44.0,-69.5,0.057265413812437466,-0.29091656383444753,1.0662716843175566
-44.0,-69.0,0.06634559426812728,-0.277611691150043,1.0129407163235102
-44.0,-68.5,0.05043626696506451,-0.3176260447229613,0.933269674402082
-44.0,-68.0,0.05280202528298528,-0.35703548603119817,0.8470232673020919
-44.0,-67.5,0.0610676929113243,-0.339176026593516,0.778349571396859
-44.0,-67.0,0.07643536339797832,-0.3193687279426023,0.7134164251220432
-44.0,-66.5,0.07312934551290767,-0.2953957063020496,0.6183580643022837
-44.0,-66.0,0.08106666258339568,-0.33204505125518957,0.5463698679603973
-44.0,-65.5,0.06555978993959402,-0.37311054669823895,0.4899527529443013
-44.0,-65.0,0.057601019515534146,-0.3979841806899962,0.47192175914398804
-44.0,-64.5,0.03411170912104125,-0.4278902998338381,0.45524162274198976
-44.0,-64.0,0.029119507094712394,-0.4759606019926038,0.4265769727291413
-44.0,-63.5,0.02431739887883254,-0.5682375881443249,0.3829907986841391
-44.0,-63.0,0.027956102680910533,-0.6550949631515229,0.3548555710728225
-44.0,-62.5,0.035044904938921845,-0.6963353349849024,0.3701623149336186
-44.0,-62.0,0.047949152464018235,-0.7284144773159826,0.3866058923456339
-44.0,-61.5,0.05356212960661497,-0.778000891129485,0.4276536270620275
-44.0,-61.0,0.05570343105785289,-0.8738878015975365,0.46045432562123567
-44.0,-60.5,0.04271944529942179,-0.9573054220759909,0.4800681059377835
-44.0,-60.0,0.05417891897420177,-1.0446920947248972,0.5214271897650437
-44.0,-59.5,0.042847362027823827,-1.077629095032136,0.598509301417171
-44.0,-59.0,0.04565237724730098,-1.0906042687601594,0.6828675711822071
-44.0,-58.5,0.01065946682062724,-1.0443412504589864,0.7627286902457864
-44.0,-58.0,0.013728269412986105,-1.0232878359777922,0.840455057793664
-44.0,-57.5,0.0057498125521497495,-1.0274971657097516,0.9207114478957221
-44.0,-57.0,0.024799470391444617,-1.0308254361598874,0.9952848441751816
-44.0,-56.5,0.027730492813712287,-0.997091045891535,1.0500237370666048
-44.0,-56.0,0.03834414968835237,-0.8984770903774468,1.056750135602166
-44.0,-55.5,0.05117008637133044,-0.8334106982806069,1.0759956771975447
-44.0,-55.0,0.06610330571511869,-0.7461942753603072,1.110666016777511
-44.0,-54.5,0.07221439649894645,-0.6536450028207638,1.1851885829797608
-44.0,-54.0,0.04483596871910692,-0.6193403483487012,1.230524197282018
-43.5,-72.0,-0.0038889622350826852,-0.6398417225971843,1.2256393056282417
-43.5,-71.5,0.0005544075570521889,-0.5931660838303089,1.209265026155181
-43.5,-71.0,-0.002064027934621848,-0.5612141491475153,1.1933524727586466
-43.5,-70.5,0.012860031820614043,-0.5014711694473196,1.178579898231796
-43.5,-70.0,0.0250800009926615,-0.48192135431730565,1.1088159457954367
-43.5,-69.5,0.0586343394263569,-0.4603965843109947,1.0762967843628246
-43.5,-69.0,0.06313424776206164,-0.4828954417642717,0.9955597428575291
-43.5,-68.5,0.06727712020639565,-0.5271238352133985,0.9106678164789725
-43.5,-68.0,0.06513267158514377,-0.5651317773724346,0.824821759211879
-43.5,-67.5,0.08099154781268089,-0.5695611940232783,0.7502486596675757
-43.5,-67.0,0.0957388171168102,-0.5249039191348596,0.6792380002453255
-43.5,-66.5,0.09601735594628619,-0.5049157177096483,0.6064487996811664
-43.5,-66.0,0.08322333681611752,-0.4770893204756682,0.5144039361017937
-43.5,-65.5,0.07390483304883075,-0.49312868406898913,0.4627469259134084
-43.5,-65.0,0.05279615084513223,-0.5085659466164233,0.45228988922837676
-43.5,-64.5,0.0374820229611548,-0.517583677150032,0.4466658834537728
-43.5,-64.0,0.021450268629865835,-0.5509393346127149,0.41671113700430407
-43.5,-63.5,0.025528400432343834,-0.6061295056152262,0.35627330123528045
-43.5,-63.0,0.03262075390299679,-0.6552089531311036,0.3242479136465293
-43.5,-62.5,0.04472306219472072,-0.6671769328159294,0.3062164435356577
-43.5,-62.0,0.05354275185472601,-0.6530300486035802,0.3366109935920617
-43.5,-61.5,0.061524294364728505,-0.6845556795047248,0.3921318795109723
-43.5,-61.0,0.047682443492185006,-0.735772045208459,0.43528939733922234
-43.5,-60.5,0.0372723709355601,-0.8146295244838482,0.4634965436151852
-43.5,-60.0,0.018552863408603334,-0.8795088482252382,0.5099991010611323
-43.5,-59.5,0.030255811282915684,-0.9114135816648288,0.5846194666667129
-43.5,-59.0,0.008682715789430057,-0.8452370614516307,0.6771889858160707
-43.5,-58.5,0.006322167803246376,-0.7847893665313742,0.7560397108253856
-43.5,-58.0,-0.013549778296559928,-0.7438634184258102,0.8415876901202244
-43.5,-57.5,0.009891787809621133,-0.803245558027583,0.9023049696638864
-43.5,-57.0,0.020370410758241628,-0.8652083627647913,0.9717263993733551
-43.5,-56.5,0.031828810137327135,-0.8407031357544147,1.0068932350219115
-43.5,-56.0,0.03287498669434849,-0.7791306918896647,1.0326274475368833
-43.5,-55.5,0.039419768277640294,-0.7248402165299901,1.0428437851943801
-43.5,-55.0,0.05025175415034994,-0.7059546194970405,1.1097467861668031
-43.5,-54.5,0.041766883081307715,-0.6638365939594179,1.1796563351691862
-43.5,-54.0,0.028952100329832225,-0.6138042013379859,1.2230769083144
-43.0,-72.0,-0.008239151051538413,-0.6672253743291319,1.208824897532408
-43.0,-71.5,-0.017988554006968194,-0.701087905177577,1.1958631611252437
-43.0,-71.0,-0.008319816647307118,-0.6568164642534445,1.1949583934916022
-43.0,-70.5,-0.014010917024769823,-0.639259986765599,1.15878249587659
-43.0,-70.0,0.00861952582296971,-0.6126044536666135,1.1284388197036572
-43.0,-69.5,0.026925763393152585,-0.6149301469261083,1.0450881307775657
-43.0,-69.0,0.06073730625473131,-0.6330649423827184,0.9868906490568322
-43.0,-68.5,0.06252612540200153,-0.7024090025835946,0.8991746723066564
-43.0,-68.0,0.07328370987528396,-0.7377575314666329,0.8120028530669793
-43.0,-67.5,0.09158273610721293,-0.7461972248365594,0.7316364721475995
-43.0,-67.0,0.09957504681818563,-0.743105762563191,0.6620233310695585
-43.0,-66.5,0.1000266250633653,-0.6926248382440631,0.5684674762108871
-43.0,-66.0,0.07692710418410853,-0.6719599180512328,0.48219893049257523
-43.0,-65.5,0.060831282202791465,-0.6563907745642038,0.42073740109109403
-43.0,-65.0,0.04568678307757448,-0.6577543240136423,0.40411526717063606
-43.0,-64.5,0.02801714144263187,-0.6563473164558643,0.4030571913977945
-43.0,-64.0,0.020690790683073695,-0.6661910387836523,0.36946763987617715
-43.0,-63.5,0.028395927636439,-0.6860397029553273,0.31583898017542755
-43.0,-63.0,0.049300441209938206,-0.6893636574007556,0.27516339958334207
-43.0,-62.5,0.05774826162284022,-0.6303828872194643,0.2670235592376772
-43.0,-62.0,0.060160624024961085,-0.591446105054733,0.3006346672048502
-43.0,-61.5,0.05460456382834483,-0.5743434193381768,0.36803305842521195
-43.0,-61.0,0.044812001384604866,-0.6240990780362384,0.44088883947205926
-43.0,-60.5,0.019861669946317842,-0.6776102810275845,0.47649277463264816
-43.0,-60.0,0.014075587200333514,-0.734458189001371,0.5216524031593186
-43.0,-59.5,0.0048096134507574495,-0.7236824386438319,0.5996780449218801
-43.0,-59.0,0.00349998988367832,-0.6500640516749578,0.6644573148661167
-43.0,-58.5,-0.02495721204971088,-0.5294254156981091,0.7566582256635133
-43.0,-58.0,-0.02013360093202604,-0.5177161716400424,0.8233420482343402
-43.0,-57.5,-0.010047377921969788,-0.5966570351311956,0.8935317340504869
-43.0,-57.0,0.009185977808389659,-0.6848953001055209,0.9247909667564929
-43.0,-56.5,0.01857552085410677,-0.6905768673189915,0.9774268319795355
-43.0,-56.0,0.0197937882907169,-0.6364530217557409,0.9806399125036732
-43.0,-55.5,0.03258653586333285,-0.6454810924675086,1.0232944883893662
-43.0,-55.0,0.038134267148916906,-0.6759086978338039,1.0898673349371752
-43.0,-54.5,0.037138334847258425,-0.6791835749088806,1.1781540718855767
-43.0,-54.0,0.003578203419685455,-0.6752640226445228,1.2237096623490578
-42.5,-72.0,-0.021944569807953743,-0.7332192928360465,1.1872070724737536
-42.5,-71.5,-0.016453839744429308,-0.7726615907023513,1.159127881664603
-42.5,-71.0,-0.023083937059963214,-0.8143688554794077,1.1595817494140037
-42.5,-70.5,-0.022627500895973512,-0.7990237967206357,1.1474448388754184
-42.5,-70.0,-0.023991115269821894,-0.7866886262527879,1.0763027434725394
-42.5,-69.5,0.009720320271530969,-0.7642481922744877,1.0302830062242694
-42.5,-69.0,0.02751907926710781,-0.8033302158532781,0.9426473848711119
-42.5,-68.5,0.055641556695188804,-0.8415516807651859,0.8828925923822039
-42.5,-68.0,0.06594437062989694,-0.8931869937327758,0.8014376563894101
-42.5,-67.5,0.07273755233757881,-0.9220842781973568,0.7236866114136142
-42.5,-67.0,0.09009363582337593,-0.9275645240634325,0.6353128283481518
-42.5,-66.5,0.07974004697198175,-0.9073584313653178,0.5500809906068662
-42.5,-66.0,0.07442414232095204,-0.8690522941791791,0.45180071555664947
-42.5,-65.5,0.052878303363059515,-0.8536971240172426,0.3900577764920896
-42.5,-65.0,0.05085497362950206,-0.8253018758733159,0.3634006277496935
-42.5,-64.5,0.03511665844632217,-0.8095582544318106,0.35726718817341463
-42.5,-64.0,0.027252732136038987,-0.7981306795348263,0.3223388636571558
-42.5,-63.5,0.042504622688211424,-0.8036378002620017,0.28637127361781234
-42.5,-63.0,0.059921043084181363,-0.732069820554307,0.25268200551461395
-42.5,-62.5,0.06242034422078474,-0.6429824112316552,0.2447069247230412
-42.5,-62.0,0.047608331014689476,-0.5246992198018192,0.27128671574926216
-42.5,-61.5,0.032066498351711575,-0.5064496906616662,0.35825173524552056
-42.5,-61.0,0.012975230062283974,-0.503300783400628,0.4154979631629021
-42.5,-60.5,-0.003214820724071199,-0.5330049819858345,0.47237091387313723
-42.5,-60.0,-0.013410598154268025,-0.5447760023027649,0.5243742868470646
-42.5,-59.5,-0.014032664058535912,-0.5226256980844409,0.5743363756188907
-42.5,-59.0,-0.03087803518942643,-0.43756645775856085,0.6495726685081302
-42.5,-58.5,-0.047066155455239816,-0.3488008984665927,0.7157896147280286
-42.5,-58.0,-0.05077864482446131,-0.3251701511141807,0.8152751674830466
-42.5,-57.5,-0.03326286737837783,-0.3994570764713732,0.8532840665837834
-42.5,-57.0,-0.013539379751140737,-0.49112358930993016,0.9095534128916353
-42.5,-56.5,-0.010862065660430062,-0.5058287472154785,0.923775553541989
-42.5,-56.0,0.007988295468689219,-0.5213353010204778,0.9573269401199322
-42.5,-55.5,0.022987243521690154,-0.5707422044434202,0.9868238772809989
-42.5,-55.0,0.04371022268637828,-0.665222220201065,1.076040518959565
-42.5,-54.5,0.03149171231753703,-0.7011715229258478,1.1635807273723557
-42.5,-54.0,0.007933395811423646,-0.6861706832569185,1.1955800734676294
-42.0,-72.0,-0.010099240676359547,-0.7279275254657251,1.1271281482937023
-42.0,-71.5,-0.01774568949337825,-0.8444734313496624,1.105637553871565
-42.0,-71.0,-0.01536138857172388,-0.9192656345119303,1.0962297197620208
-42.0,-70.5,-0.02615788773271445,-0.9607665734736004,1.0783429796929151
-42.0,-70.0,-0.01836639350837213,-0.957385767437843,1.049454642051501
-42.0,-69.5,-0.01213073184182581,-0.9647842376964739,0.967487683411764
-42.0,-69.0,0.0217229848707102,-0.9756769255482207,0.91503825820257
-42.0,-68.5,0.03623386256675526,-1.0173202194087119,0.8313344479231618
-42.0,-68.0,0.04814369822867126,-1.047281423981055,0.7755783470946128
-42.0,-67.5,0.05346563042016769,-1.1081139240718003,0.6845967406111859
-42.0,-67.0,0.052731996552145166,-1.1307017327757682,0.6097341833426002
-42.0,-66.5,0.07527335233540192,-1.1212498924861287,0.5201387316347666
-42.0,-66.0,0.06709225393080356,-1.086040506591413,0.4402155207348437
-42.0,-65.5,0.07399321919026361,-1.039936920434411,0.3638972861282185
-42.0,-65.0,0.06123095528358635,-1.0018858957447774,0.33679218406007105
-42.0,-64.5,0.056555796991020174,-0.9497606514954371,0.311504596040517
-42.0,-64.0,0.046926419186676394,-0.9416573883574322,0.28472812489552757
-42.0,-63.5,0.05312192492268705,-0.8870171511215185,0.24892260557839518
-42.0,-63.0,0.06378222732309699,-0.8058284917123849,0.22784883675863513
-42.0,-62.5,0.04808402623261382,-0.6291566738255422,0.20702545620442483
-42.0,-62.0,0.017645379922330368,-0.5260843534629663,0.2454511459089368
-42.0,-61.5,-0.011142514491303893,-0.4327155436914738,0.29645791827720414
-42.0,-61.0,-0.032006319008958506,-0.416094029649859,0.37926270412363317
-42.0,-60.5,-0.045070609102659205,-0.36987430177916036,0.42459740819717307
-42.0,-60.0,-0.04708844885511328,-0.32917066119372884,0.48429233535746374
-42.0,-59.5,-0.045744955782255584,-0.2985415898010102,0.551820851386917
-42.0,-59.0,-0.06226665793008654,-0.24492215044818755,0.6143775890810484
-42.0,-58.5,-0.07815151097707344,-0.19966564722260416,0.6957633922775275
-42.0,-58.0,-0.07663749938408593,-0.173609873461692,0.7697215377762169
-42.0,-57.5,-0.05318705419765622,-0.22682429411307736,0.8308171726834045
-42.0,-57.0,-0.046275004446970344,-0.2725541956162305,0.858151179693665
-42.0,-56.5,-0.02669206251687667,-0.337408477933127,0.9037900733001426
-42.0,-56.0,-0.011463438989338978,-0.3951447639690149,0.9241796452564273
-42.0,-55.5,0.027121603332535577,-0.518940734888829,0.9733412836639088
-42.0,-55.0,0.0446054850580658,-0.6296366164808845,1.055686601585124
-42.0,-54.5,0.046244322725557285,-0.6746497369066454,1.1313736285781808
-42.0,-54.0,0.011719296678821434,-0.6908894064283589,1.1592786515551565
-41.5,-72.0,0.00027113002572758116,-0.7302523070784848,1.0904244817317905
-41.5,-71.5,-0.0048075666414068435,-0.8501207357820275,1.0423079385749088
-41.5,-71.0,-0.007030578576706262,-0.9677549175952149,1.03250618940713
-41.5,-70.5,-0.006399506294720081,-1.0449893579763774,1.0196817552462283
-41.5,-70.0,-0.011647422716963396,-1.0834846910341347,0.9865542847604777
-41.5,-69.5,0.0025153726028218915,-1.1113266666407131,0.9481374137307603
-41.5,-69.0,0.011631270016532774,-1.1387814231234688,0.8458483884264462
-41.5,-68.5,0.0331105779597369,-1.1433596978702585,0.7905595871701437
-41.5,-68.0,0.03483885140559892,-1.1894960878003609,0.7043225070222985
-41.5,-67.5,0.029083824364425276,-1.2495747226679166,0.64190754094159
-41.5,-67.0,0.043510195863344814,-1.3170685934025441,0.5491589698776227
-41.5,-66.5,0.060461709206494685,-1.3030566060733821,0.4852690713346606
-41.5,-66.0,0.08711033551100422,-1.2581215077229086,0.39894689323022414
-41.5,-65.5,0.07489859302779878,-1.2069221581923049,0.33186564905535715
-41.5,-65.0,0.07801706758561136,-1.1293261781545372,0.2795744346836564
-41.5,-64.5,0.06473712536179649,-1.0894791951537384,0.25750872799264657
-41.5,-64.0,0.061163827493388084,-1.026959668334716,0.21708431964536928
-41.5,-63.5,0.06560705083219517,-0.9761500944954569,0.18750448031084432
-41.5,-63.0,0.05726655566096342,-0.8141278378378287,0.16715387472736054
-41.5,-62.5,0.029461259899527414,-0.6668819528302182,0.1586941772399155
-41.5,-62.0,-0.01314824601937313,-0.5042793237486705,0.18761367621346065
-41.5,-61.5,-0.04662331064330048,-0.4334057459773435,0.2677723404346428
-41.5,-61.0,-0.06830505305663906,-0.33704737990903566,0.3117090955049059
-41.5,-60.5,-0.07570169202706241,-0.25238842894854074,0.37904964987594636
-41.5,-60.0,-0.06851370450314352,-0.16810358812882642,0.43825002710610295
-41.5,-59.5,-0.06859449275549989,-0.11249747414835021,0.5204954699083482
-41.5,-59.0,-0.08082981215317182,-0.11917699189378483,0.5960578822773743
-41.5,-58.5,-0.1,-0.09211320284575986,0.6740956005484076
-41.5,-58.0,-0.09191770544402347,-0.09936294676079371,0.7271450706798219
-41.5,-57.5,-0.08184890698450797,-0.08112675610455189,0.7835517175995679
-41.5,-57.0,-0.06633951575696187,-0.1304549214340478,0.8288078207014694
-41.5,-56.5,-0.05843732281328733,-0.1810652988002608,0.8843514387859445
-41.5,-56.0,-0.0164294621263677,-0.3098027373246348,0.9248011795073455
-41.5,-55.5,0.01974603342246227,-0.44926989485273994,0.9775050016255273
-41.5,-55.0,0.05360817793269698,-0.5705066886631361,1.0371637537972853
-41.5,-54.5,0.05245770091576693,-0.6353879597720621,1.092957863000025
-41.5,-54.0,0.029500159183027785,-0.6478574668306091,1.105180006499158
-41.0,-72.0,0.013562818858057532,-0.7076106054091866,1.0557370753664455
-41.0,-71.5,0.004983180731257211,-0.8251083208558276,1.038087931475241
-41.0,-71.0,0.007085003690049496,-0.9567108535376005,0.9867282239952013
-41.0,-70.5,0.004383922377454635,-1.04127194252293,0.9748011458800421
-41.0,-70.0,0.006289306828673472,-1.1147075760990628,0.9564730872478769
-41.0,-69.5,0.006133164329969354,-1.166967708293621,0.8886630469882217
-41.0,-69.0,0.021377387656784347,-1.1948436391742394,0.8296901663690369
-41.0,-68.5,0.027146480027007563,-1.2094217341987568,0.7263953613862152
-41.0,-68.0,0.03106619761985524,-1.2368700011541451,0.6865312657721838
-41.0,-67.5,0.02782284663700413,-1.3319909687621205,0.5858731040754784
-41.0,-67.0,0.038418596301604935,-1.3863850236562347,0.5217637582643306
-41.0,-66.5,0.07126735339279505,-1.3992205793962014,0.4356238427339696
-41.0,-66.0,0.07934768672590847,-1.3528082828347314,0.36835548138289986
-41.0,-65.5,0.07766811628834125,-1.2709314274741457,0.28637994181950926
-41.0,-65.0,0.05700360652910014,-1.2148755604350407,0.2390898057175868
-41.0,-64.5,0.05944995320329036,-1.1197181884718281,0.19824714700093887
-41.0,-64.0,0.061016914767352465,-1.0647703420970203,0.15596948728787252
-41.0,-63.5,0.06026426062301657,-0.9501502569774016,0.1252950313272395
-41.0,-63.0,0.04770926345415952,-0.8160003275405312,0.1
-41.0,-62.5,0.007769767480364731,-0.6334206129629807,0.11499107628329124
-41.0,-62.0,-0.030997477913277907,-0.5233230228485322,0.16725263031742893
-41.0,-61.5,-0.06313328883147842,-0.40424594734504515,0.23592485634598784
-41.0,-61.0,-0.0820682956787177,-0.30317708479168726,0.3023897271673304
-41.0,-60.5,-0.0872209469873226,-0.17896384818495115,0.33795169538007896
-41.0,-60.0,-0.07772675845615967,-0.07322252958611108,0.3999056583094339
-41.0,-59.5,-0.07068787857103981,-0.043300573375821605,0.47741186485519116
-41.0,-59.0,-0.08685611807887397,-0.04091234631418095,0.5790462234935932
-41.0,-58.5,-0.09690147609779487,-0.08843557849820805,0.6271589849915532
-41.0,-58.0,-0.09917389190707938,-0.05278074479272221,0.6999849912108985
-41.0,-57.5,-0.0900428232737673,-0.05121973246903466,0.7433082630864776
-41.0,-57.0,-0.09134484705479151,-0.03475998521542478,0.8186101541704814
-41.0,-56.5,-0.07114257765236091,-0.11798840038008884,0.8778555422880565
-41.0,-56.0,-0.03252379642798295,-0.2436470114821292,0.9502156933344171
-41.0,-55.5,0.018480760391204262,-0.39073628354492196,0.9780405826776857
-41.0,-55.0,0.04672045183896936,-0.516568562921104,1.0238912896354084
-41.0,-54.5,0.05755335594387084,-0.5728211947389855,1.045131886831184
-41.0,-54.0,0.03711462896040377,-0.6320501285194696,1.0691049875905778
-40.5,-72.0,0.030730655208846214,-0.637349775618492,1.1267663148779046
-40.5,-71.5,0.02646590947026725,-0.7350381080868088,1.08921746535158
-40.5,-71.0,0.029084894930186234,-0.8187430213099807,1.0697276485151779
-40.5,-70.5,0.03013469126078039,-0.9318601378473563,1.0230452431831187
-40.5,-70.0,0.026348695050323362,-0.9938013473995784,0.9857555333418874
-40.5,-69.5,0.03143980744089603,-1.0485495503148328,0.954087668952033
-40.5,-69.0,0.040367553156909264,-1.0905165278270488,0.8537443146016542
-40.5,-68.5,0.050184079032499745,-1.0964897240834486,0.8097515707704422
-40.5,-68.0,0.04873219674481974,-1.1328218411254412,0.7133108761185927
-40.5,-67.5,0.05321865718986868,-1.1922099297171276,0.6550300941971553
-40.5,-67.0,0.06463500331685912,-1.255142855545066,0.5439866292637445
-40.5,-66.5,0.08239090036766616,-1.2686041045613061,0.48497542371130187
-40.5,-66.0,0.08574212968904932,-1.2333223001034728,0.41560020854622126
-40.5,-65.5,0.055488275071174625,-1.189555094889738,0.35739279789894496
-40.5,-65.0,0.04277100861707048,-1.0969700513969274,0.30201929972594566
-40.5,-64.5,0.03992985690060338,-1.022807739080374,0.2551085556477596
-40.5,-64.0,0.050824023912294014,-0.9161786439175001,0.20191941422708012
-40.5,-63.5,0.05187722051142868,-0.8289783906213961,0.14662465835977756
-40.5,-63.0,0.027874135291280355,-0.6941729033589925,0.1383397910432222
-40.5,-62.5,-0.002105908910169374,-0.5808771215810529,0.148192836321745
-40.5,-62.0,-0.0313826530994598,-0.48516655988747914,0.21748341250396047
-40.5,-61.5,-0.052584573000015095,-0.39523353991142374,0.2965371463946568
-40.5,-61.0,-0.07406404001274981,-0.28035643085440687,0.3507353717239451
-40.5,-60.5,-0.08280337596745953,-0.16194600922495472,0.38500483624823456
-40.5,-60.0,-0.07375689923211551,-0.08708643223180856,0.4272674680863331
-40.5,-59.5,-0.06579842923079024,-0.05787393498335369,0.5031609650393934
-40.5,-59.0,-0.06728516299630562,-0.11446206421697624,0.584078290093966
-40.5,-58.5,-0.07359842596041741,-0.13708508518235973,0.673926150892178
-40.5,-58.0,-0.06877379351608456,-0.1479904463702324,0.7215299882844216
-40.5,-57.5,-0.06902267631560116,-0.0787440934886472,0.8014921738415238
-40.5,-57.0,-0.07157498329752782,-0.07731113216269603,0.8617114113807897
-40.5,-56.5,-0.055970091986692394,-0.12388843896838497,0.9432119256326524
-40.5,-56.0,-0.018849879864510005,-0.22722636037869948,0.9845164691772391
-40.5,-55.5,0.019419033755495155,-0.35593698668061147,1.0346135464846817
-40.5,-55.0,0.04934207704413049,-0.43712212836788955,1.0460707396408635
-40.5,-54.5,0.05805099470255515,-0.5205650808279044,1.0746021732427908
-40.5,-54.0,0.0478760931455626,-0.5731771270181443,1.0872843841502353
-40.0,-72.0,0.0651133350147256,-0.5078573384327698,1.341054683333414
-40.0,-71.5,0.06902651989731426,-0.5062418510674171,1.3612250096308385
-40.0,-71.0,0.08017996982490941,-0.573110843631702,1.310366958075134
-40.0,-70.5,0.08293809767531518,-0.6193757602115131,1.2807508300988162
-40.0,-70.0,0.0806196524238558,-0.6568068543225368,1.2521413279181122
-40.0,-69.5,0.08523851987497885,-0.6764836629913803,1.1918145621964191
-40.0,-69.0,0.0959867306213068,-0.684226960629877,1.1579377446981298
-40.0,-68.5,0.10323195003361677,-0.6883307998916349,1.0468081140795333
-40.0,-68.0,0.10805004762970247,-0.6945543852904444,0.9864571834646438
-40.0,-67.5,0.10885281220212334,-0.7143827471608791,0.8613336648012753
-40.0,-67.0,0.11943893737825845,-0.7472007362457143,0.7790674252668058
-40.0,-66.5,0.12290335279977724,-0.7688406250235083,0.7060303905087871
-40.0,-66.0,0.10119521286667257,-0.7860794885351864,0.6664562026491181
-40.0,-65.5,0.07100697197698252,-0.7609209581516758,0.6322540202788589
-40.0,-65.0,0.04456827233188862,-0.7325513407796767,0.5774786187397682
-40.0,-64.5,0.05339436554871463,-0.6608687856975588,0.5188808693922642
-40.0,-64.0,0.06563238042341879,-0.611790028183288,0.4369142508602192
-40.0,-63.5,0.06305809289337866,-0.5673532079215794,0.38239849692476713
-40.0,-63.0,0.044519307665920466,-0.5224902993743109,0.35016953594333367
-40.0,-62.5,0.019564693934352312,-0.48818821704649207,0.3886770435132523
-40.0,-62.0,0.010492827507330174,-0.4584530669922331,0.44558005382662813
-40.0,-61.5,-0.001266713271195874,-0.4263594214928311,0.5293591020262469
-40.0,-61.0,-0.02484636215851843,-0.32955267684377754,0.5845846850700589
-40.0,-60.5,-0.04433001610572493,-0.26005581620315654,0.6267293308359002
-40.0,-60.0,-0.04269553689217847,-0.21916032494457238,0.6593040679262555
-40.0,-59.5,-0.0338266436504093,-0.24956568799102175,0.7209345409501906
-40.0,-59.0,-0.028080471463911197,-0.30371198604361194,0.8135302342947782
-40.0,-58.5,-0.01591547772106293,-0.3750661612580426,0.8888775480683515
-40.0,-58.0,-0.004909679758533084,-0.3454041074791412,0.9690753364054528
-40.0,-57.5,-0.0024435698481789225,-0.29496158964241204,1.042946561883254
-40.0,-57.0,0.003085316770917862,-0.24745324185551576,1.1115851768841294
-40.0,-56.5,0.011902883706368245,-0.2531232988442864,1.167062908423452
-40.0,-56.0,0.03875918004737802,-0.30322407262552953,1.2235752606783712
-40.0,-55.5,0.06201068812227553,-0.3267512499952958,1.2409397044903785
-40.0,-55.0,0.07867381190761558,-0.38791137416697774,1.288699731472115
-40.0,-54.5,0.0857809282430263,-0.4252221139985468,1.2939198146879838
-40.0,-54.0,0.07773798225796491,-0.47418038761561676,1.3339562096752249
