year, month, first_day, last_day, mean_chl_seawifs, stdev_chl_seawifs, chl_anomaly_seawifs, pct_valid_chl_seawifs, mean_chl_aqua, stdev_chl_aqua, chl_anomaly_aqua, pct_valid_chl_aqua, mean_cdm_seawifs, stdev_cdm_seawifs, cdm_anomaly_seawifs, pct_valid_cdm_seawifs, mean_cdm_aqua, stdev_cdm_aqua, cdm_anomaly_aqua, pct_valid_cdm_aqua, mean_bbp_aqua, stdev_bbp_aqua, bbp_anomaly_aqua, pct_valid_bbp_aqua, mean_nsst_aqua, stdev_nsst_aqua, nsst_anomaly_aqua, pct_valid_nsst_aqua
1997,1,1,31,-999,-999,-999,-999,-999,-999,-999,-999,-999,-999,-999,-999,-999,-999,-999,-999,-999,-999,-999,-999,-999,-999,-999,-999
1997,2,1,28,-999,-999,-999,-999,-999,-999,-999,-999,-999,-999,-999,-999,-999,-999,-999,-999,-999,-999,-999,-999,-999,-999,-999,-999
1997,3,1,31,-999,-999,-999,-999,-999,-999,-999,-999,-999,-999,-999,-999,-999,-999,-999,-999,-999,-999,-999,-999,-999,-999,-999,-999
1997,4,1,30,-999,-999,-999,-999,-999,-999,-999,-999,-999,-999,-999,-999,-999,-999,-999,-999,-999,-999,-999,-999,-999,-999,-999,-999
1997,5,1,31,-999,-999,-999,-999,-999,-999,-999,-999,-999,-999,-999,-999,-999,-999,-999,-999,-999,-999,-999,-999,-999,-999,-999,-999
1997,6,1,30,-999,-999,-999,-999,-999,-999,-999,-999,-999,-999,-999,-999,-999,-999,-999,-999,-999,-999,-999,-999,-999,-999,-999,-999
1997,7,1,31,-999,-999,-999,-999,-999,-999,-999,-999,-999,-999,-999,-999,-999,-999,-999,-999,-999,-999,-999,-999,-999,-999,-999,-999
1997,8,1,31,-999,-999,-999,-999,-999,-999,-999,-999,-999,-999,-999,-999,-999,-999,-999,-999,-999,-999,-999,-999,-999,-999,-999,-999
1997,9,1,30,0.045246048,0.013202285,-0.00361294,74.3,-999,-999,-999,-999,0.004101354,0.000310767,-0.000581411,90.06,-999,-999,-999,-999,-999,-999,-999,-999,-999,-999,-999,-999
1997,10,1,31,0.050098557,0.012088361,0.003331317,93.94,-999,-999,-999,-999,0.004678209,0.000515531,0.000300476,93.94,-999,-999,-999,-999,-999,-999,-999,-999,-999,-999,-999,-999
1997,11,1,30,0.036418568,0.01566636,-0.008337926,72,-999,-999,-999,-999,0.004252601,0.000392783,9.62E-05,72,-999,-999,-999,-999,-999,-999,-999,-999,-999,-999,-999,-999
1997,12,1,31,0.046204803,0.017478094,-0.00123148,54.79,-999,-999,-999,-999,0.00458493,0.000589421,0.000308448,54.79,-999,-999,-999,-999,-999,-999,-999,-999,-999,-999,-999,-999
1998,1,1,31,0.027777364,0.014379524,-0.013157783,95.94,-999,-999,-999,-999,0.003909868,0.000446722,-0.000103861,95.88,-999,-999,-999,-999,-999,-999,-999,-999,-999,-999,-999,-999
1998,2,1,28,0.034512976,0.017425331,-0.009236467,80.85,-999,-999,-999,-999,0.003796982,0.000513347,-0.000285658,80.85,-999,-999,-999,-999,-999,-999,-999,-999,-999,-999,-999,-999
1998,3,1,31,0.042012699,0.02181379,-0.001356951,88.73,-999,-999,-999,-999,0.004291558,0.000552718,0.000205432,88.73,-999,-999,-999,-999,-999,-999,-999,-999,-999,-999,-999,-999
1998,4,1,30,0.04670957,0.022055332,0.002384337,87.88,-999,-999,-999,-999,0.004727661,0.000899045,0.000534195,87.88,-999,-999,-999,-999,-999,-999,-999,-999,-999,-999,-999,-999
1998,5,1,31,0.044993484,0.013368746,-0.005896041,95.64,-999,-999,-999,-999,0.004672664,0.000577029,5.56E-05,95.64,-999,-999,-999,-999,-999,-999,-999,-999,-999,-999,-999,-999
1998,6,1,30,0.055118254,0.018006118,-1.25E-05,91.27,-999,-999,-999,-999,0.005102283,0.000611069,-8.59E-06,91.27,-999,-999,-999,-999,-999,-999,-999,-999,-999,-999,-999,-999
1998,7,1,31,0.05011101,0.013623218,-0.005077925,96.18,-999,-999,-999,-999,0.005248803,0.000597344,-0.000177017,96.18,-999,-999,-999,-999,-999,-999,-999,-999,-999,-999,-999,-999
1998,8,1,31,0.063689939,0.019891779,0.011157758,94.18,-999,-999,-999,-999,0.005998305,0.000872263,0.000789976,94.18,-999,-999,-999,-999,-999,-999,-999,-999,-999,-999,-999,-999
1998,9,1,30,0.053278029,0.013179758,0.004306859,97.33,-999,-999,-999,-999,0.004977824,0.00040558,0.00028059,97.33,-999,-999,-999,-999,-999,-999,-999,-999,-999,-999,-999,-999
1998,10,1,31,0.049674483,0.019530088,0.00289295,92.61,-999,-999,-999,-999,0.004581076,0.000445312,0.000207869,92.61,-999,-999,-999,-999,-999,-999,-999,-999,-999,-999,-999,-999
1998,11,1,30,0.04316038,0.019967436,-0.001532948,75.33,-999,-999,-999,-999,0.004265587,0.000383243,0.000109236,75.27,-999,-999,-999,-999,-999,-999,-999,-999,-999,-999,-999,-999
1998,12,1,31,0.044343526,0.0187901,-0.002505162,79.03,-999,-999,-999,-999,0.004167199,0.000429871,-6.29E-05,78.97,-999,-999,-999,-999,-999,-999,-999,-999,-999,-999,-999,-999
1999,1,1,31,0.044231806,0.018758615,0.002929794,88.06,-999,-999,-999,-999,0.004018083,0.000515828,-2.30E-05,88,-999,-999,-999,-999,-999,-999,-999,-999,-999,-999,-999,-999
1999,2,1,28,0.038861887,0.040569348,-0.005329967,93.27,-999,-999,-999,-999,0.003949393,0.000926353,-0.000173457,93.21,-999,-999,-999,-999,-999,-999,-999,-999,-999,-999,-999,-999
1999,3,1,31,0.042969649,0.012948997,-0.000405193,96.85,-999,-999,-999,-999,0.003988415,0.00047024,-9.54E-05,96.79,-999,-999,-999,-999,-999,-999,-999,-999,-999,-999,-999,-999
1999,4,1,30,0.039782351,0.010092661,-0.004514211,97.39,-999,-999,-999,-999,0.003933977,0.000380243,-0.000254344,97.39,-999,-999,-999,-999,-999,-999,-999,-999,-999,-999,-999,-999
1999,5,1,31,0.046719316,0.013480314,-0.004181774,96.3,-999,-999,-999,-999,0.004327203,0.000411451,-0.000287126,96.3,-999,-999,-999,-999,-999,-999,-999,-999,-999,-999,-999,-999
1999,6,1,30,0.051630621,0.010236189,-0.003681057,97.45,-999,-999,-999,-999,0.005054922,0.00039313,-6.25E-05,97.45,-999,-999,-999,-999,-999,-999,-999,-999,-999,-999,-999,-999
1999,7,1,31,0.065847767,0.02057907,0.009935459,97.21,-999,-999,-999,-999,0.005927918,0.000984296,0.000496028,97.21,-999,-999,-999,-999,-999,-999,-999,-999,-999,-999,-999,-999
1999,8,1,31,0.059370208,0.015051506,0.006777068,97.45,-999,-999,-999,-999,0.005836371,0.000844396,0.000624265,97.45,-999,-999,-999,-999,-999,-999,-999,-999,-999,-999,-999,-999
1999,9,1,30,0.062793198,0.017431444,0.013832276,96.55,-999,-999,-999,-999,0.005826112,0.000726487,0.001128994,96.55,-999,-999,-999,-999,-999,-999,-999,-999,-999,-999,-999,-999
1999,10,1,31,0.065377963,0.022216873,0.018603193,96.36,-999,-999,-999,-999,0.005275192,0.000940648,0.000901826,96.36,-999,-999,-999,-999,-999,-999,-999,-999,-999,-999,-999,-999
1999,11,1,30,0.062636762,0.022703784,0.017057484,73.82,-999,-999,-999,-999,0.004868352,0.000794932,0.000689332,73.82,-999,-999,-999,-999,-999,-999,-999,-999,-999,-999,-999,-999
1999,12,1,31,0.054549674,0.023036349,0.008447829,87.09,-999,-999,-999,-999,0.004928086,0.000884477,0.000719304,87.03,-999,-999,-999,-999,-999,-999,-999,-999,-999,-999,-999,-999
2000,1,1,31,0.050561348,0.021941257,0.00937593,83.33,-999,-999,-999,-999,0.004503999,0.000873016,0.000475655,83.27,-999,-999,-999,-999,-999,-999,-999,-999,-999,-999,-999,-999
2000,2,1,29,0.057258599,0.01683804,0.013227261,91.45,-999,-999,-999,-999,0.004681158,0.000598919,0.000571555,91.45,-999,-999,-999,-999,-999,-999,-999,-999,-999,-999,-999,-999
2000,3,1,31,0.058305657,0.017438587,0.014939447,89.58,-999,-999,-999,-999,0.004530577,0.000535296,0.000448029,89.58,-999,-999,-999,-999,-999,-999,-999,-999,-999,-999,-999,-999
2000,4,1,30,0.053059143,0.013786458,0.008760403,97.33,-999,-999,-999,-999,0.004852421,0.000645919,0.000663927,97.33,-999,-999,-999,-999,-999,-999,-999,-999,-999,-999,-999,-999
2000,5,1,31,0.061714593,0.20156179,0.010812757,97.33,-999,-999,-999,-999,0.00532425,0.00054415,0.000707647,97.33,-999,-999,-999,-999,-999,-999,-999,-999,-999,-999,-999,-999
2000,6,1,30,0.062791144,0.012657316,0.007496959,97.39,-999,-999,-999,-999,0.005859332,0.000530647,0.000742191,97.39,-999,-999,-999,-999,-999,-999,-999,-999,-999,-999,-999,-999
2000,7,1,31,0.067806429,0.012891686,0.012557386,97.09,-999,-999,-999,-999,0.006422386,0.000501473,0.000994339,97.09,-999,-999,-999,-999,-999,-999,-999,-999,-999,-999,-999,-999
2000,8,1,31,0.067601205,0.015517698,0.015008065,97.45,-999,-999,-999,-999,0.006457723,0.000487976,0.001245617,97.45,-999,-999,-999,-999,-999,-999,-999,-999,-999,-999,-999,-999
2000,9,1,30,0.06010029,0.0127863,0.0111275,97.33,-999,-999,-999,-999,0.005756495,0.000489336,0.001059138,97.33,-999,-999,-999,-999,-999,-999,-999,-999,-999,-999,-999,-999
2000,10,1,31,0.055991349,0.031421229,0.009194081,96.61,-999,-999,-999,-999,0.005081846,0.000624189,0.000708843,96.61,-999,-999,-999,-999,-999,-999,-999,-999,-999,-999,-999,-999
2000,11,1,30,0.049881609,0.016247085,0.004599926,90.12,-999,-999,-999,-999,0.004607376,0.000517602,0.000448548,90.12,-999,-999,-999,-999,-999,-999,-999,-999,-999,-999,-999,-999
2000,12,1,31,0.052057401,0.021097566,0.005850999,86.36,-999,-999,-999,-999,0.0048135,0.000823368,0.000604979,86.36,-999,-999,-999,-999,-999,-999,-999,-999,-999,-999,-999,-999
2001,1,1,31,0.04695127,0.019454082,0.006362761,78.97,-999,-999,-999,-999,0.004388197,0.000550321,0.000390556,78.97,-999,-999,-999,-999,-999,-999,-999,-999,-999,-999,-999,-999
2001,2,1,28,0.049505759,0.019366612,0.005421575,80.85,-999,-999,-999,-999,0.004366955,0.000753288,0.000247313,80.85,-999,-999,-999,-999,-999,-999,-999,-999,-999,-999,-999,-999
2001,3,1,31,0.044616565,0.015934722,0.001194747,97.39,-999,-999,-999,-999,0.003997345,0.000738937,-8.75E-05,97.39,-999,-999,-999,-999,-999,-999,-999,-999,-999,-999,-999,-999
2001,4,1,30,0.054150214,0.021338015,0.009927163,94.91,-999,-999,-999,-999,0.004483666,0.000840239,0.000301516,94.91,-999,-999,-999,-999,-999,-999,-999,-999,-999,-999,-999,-999
2001,5,1,31,0.068669325,0.018222188,0.017746758,90.85,-999,-999,-999,-999,0.005712835,0.000785347,0.001083077,90.85,-999,-999,-999,-999,-999,-999,-999,-999,-999,-999,-999,-999
2001,6,1,30,0.063700153,0.013981366,0.008413353,97.21,-999,-999,-999,-999,0.005741838,0.000669292,0.000625161,97.21,-999,-999,-999,-999,-999,-999,-999,-999,-999,-999,-999,-999
2001,7,1,31,0.053900078,0.012286216,-0.001383065,97.39,-999,-999,-999,-999,0.005103687,0.000602599,-0.000326354,97.39,-999,-999,-999,-999,-999,-999,-999,-999,-999,-999,-999,-999
2001,8,1,31,0.056180189,0.015663642,0.003593627,97.27,-999,-999,-999,-999,0.005596115,0.000718156,0.000384657,97.27,-999,-999,-999,-999,-999,-999,-999,-999,-999,-999,-999,-999
2001,9,1,30,0.050053859,0.016190578,0.001051621,97.52,-999,-999,-999,-999,0.004949627,0.000500896,0.000250962,97.52,-999,-999,-999,-999,-999,-999,-999,-999,-999,-999,-999,-999
2001,10,1,31,0.045927576,0.010107828,-0.000873964,96.48,-999,-999,-999,-999,0.004750195,0.000405664,0.000376707,96.48,-999,-999,-999,-999,-999,-999,-999,-999,-999,-999,-999,-999
2001,11,1,30,0.056230113,0.018459191,0.010592957,69.94,-999,-999,-999,-999,0.004801905,0.000841812,0.000606678,69.88,-999,-999,-999,-999,-999,-999,-999,-999,-999,-999,-999,-999
2001,12,1,31,0.057804001,0.02016263,0.009295961,49.7,-999,-999,-999,-999,0.004806748,0.000646699,0.000474758,49.64,-999,-999,-999,-999,-999,-999,-999,-999,-999,-999,-999,-999
2002,1,1,31,0.048762959,0.016529336,0.007664561,89.45,-999,-999,-999,-999,0.004234874,0.000461328,0.000207597,89.45,-999,-999,-999,-999,-999,-999,-999,-999,-999,-999,-999,-999
2002,2,1,28,0.050216943,0.013623313,0.005963582,96.48,-999,-999,-999,-999,0.004307848,0.00040396,0.000184146,96.48,-999,-999,-999,-999,-999,-999,-999,-999,-999,-999,-999,-999
2002,3,1,31,0.05093635,0.014994311,0.007540815,97.09,-999,-999,-999,-999,0.004164161,0.000371376,8.01E-05,97.09,-999,-999,-999,-999,-999,-999,-999,-999,-999,-999,-999,-999
2002,4,1,30,0.05098073,0.015365863,0.006732207,96.55,-999,-999,-999,-999,0.004346268,0.000481825,0.000160941,96.55,-999,-999,-999,-999,-999,-999,-999,-999,-999,-999,-999,-999
2002,5,1,31,0.048249793,0.010671887,-0.002666869,97.27,-999,-999,-999,-999,0.004855929,0.00053859,0.000239045,97.27,-999,-999,-999,-999,-999,-999,-999,-999,-999,-999,-999,-999
2002,6,1,30,0.052763358,0.0142867,-0.002502827,96.3,-999,-999,-999,-999,0.005096244,0.000603929,-2.03E-05,96.3,-999,-999,-999,-999,-999,-999,-999,-999,-999,-999,-999,-999
2002,7,1,31,0.05324829,0.011798834,-0.002021762,97.33,0.061872516,0.009756869,-0.003100706,98.74,0.005451517,0.000597916,2.27E-05,97.33,0.004844077,0.000530749,-0.000297296,98.74,0.000932575,9.60E-05,-3.13E-05,98.74,26.466053,0.32203311,-0.059423677,99.12
2002,8,1,31,0.046535953,0.007433652,-0.006554314,97.45,0.050771176,0.004925805,-0.009704135,98.62,0.004721349,0.000252629,-0.000499081,97.45,0.004221227,0.000275941,-0.000675758,98.62,0.000998,9.66E-05,7.25E-06,98.62,26.303237,0.41310612,0.099370326,99.15
2002,9,1,30,0.049074268,0.009044071,0.000116714,97.27,0.052770639,0.006124921,0.000775177,98.47,0.00463531,0.000333253,-6.08E-05,97.27,0.004244185,0.000307733,-0.000301312,98.47,0.000948546,9.43E-05,-7.79E-05,98.47,26.407822,0.43039143,0.24287242,99.15
2002,10,1,31,0.042923468,0.008844968,-0.003894615,97.39,0.044939179,0.004642306,-0.004649421,98,0.004161029,0.000295648,-0.000212963,97.39,0.003678224,0.000243744,-0.000560806,98,0.00104231,8.90E-05,-6.54E-05,98,26.944604,0.34729204,0.42456005,99.21
2002,11,1,30,0.043893975,0.017819619,-0.001618297,87.76,0.042338355,0.004993145,-0.00174921,97.21,0.004014414,0.000322393,-0.000159204,87.76,0.003503717,0.000273125,-0.00041098,97.21,0.001130416,0.00014128,-8.59E-05,97.21,27.579759,0.2903102,0.42112838,99.15
2002,12,1,31,0.0417785,0.024666184,-0.00623686,65.21,0.042582039,0.007783829,-0.001137269,84.44,0.00403006,0.000537862,-0.000262741,65.15,0.003553013,0.000450139,-0.000351304,84.38,0.001197086,0.000141871,-3.91E-05,84.38,27.883798,0.5610745,-0.028839035,99.17
2003,1,1,31,0.040572203,0.016505538,0.000709179,61.33,0.040193395,0.007722801,-0.002261087,82.75,0.003732829,0.000545188,-0.000205461,61.21,0.003419458,0.000461133,-0.00042114,82.63,0.001243942,0.000149987,8.52E-06,82.63,28.589013,0.3643418,0.36784964,99.17
2003,2,1,28,0.04447869,0.014365685,0.000220344,91.82,0.045415569,0.009894018,-0.00018345,71.61,0.004094639,0.000448834,-2.65E-05,91.82,0.003756815,0.000570697,-0.000236736,71.5,0.001161081,0.000177684,-2.16E-05,71.5,28.517955,0.35809963,0.15079186,99.17
2003,3,1,31,0.041131372,0.013768747,-0.002287933,96.67,0.043856435,0.006487112,-0.003561099,98.36,0.003800269,0.000365564,-0.000284784,96.67,0.003498431,0.0003029,-0.000540567,98.35,0.001085268,0.000118082,-2.01E-05,98.35,29.181355,0.29171674,0.64345276,99.17
2003,4,1,30,0.039979928,0.012658638,-0.004314691,96.97,0.045945487,0.008703909,-0.004594562,98.38,0.003898474,0.000435815,-0.000289776,96.97,0.003708916,0.000450894,-0.0003998,98.36,0.001050577,0.00010994,4.39E-06,98.36,28.574375,0.33257572,0.19373883,99.18
2003,5,1,31,0.045503339,0.012124049,-0.005394472,97.15,0.05378631,0.009487497,-0.001367431,98.51,0.004447118,0.000565372,-0.000168431,97.15,0.00422702,0.000511871,-0.000178516,98.51,0.00101361,0.000109401,-2.79E-05,98.51,28.157195,0.32408594,0.33134123,99.15
2003,6,1,30,0.054436512,0.012992577,-0.000856631,97.09,0.06260759,0.010106969,-0.000157475,97.78,0.0052875,0.000593888,0.000170768,97.09,0.00507078,0.000624927,0.000190955,97.77,0.001001363,0.000105057,-2.96E-06,97.77,27.100099,0.43119334,-0.069073077,99.17
2003,7,1,31,0.056456863,0.012351245,0.001175915,96.79,0.069066405,0.008961711,0.004095939,98.72,0.005666151,0.000516364,0.000235379,96.79,0.005585496,0.000548068,0.000443624,98.72,0.000873316,7.66E-05,-9.04E-05,98.72,26.478501,0.44148256,-0.046550788,99.17
2003,8,1,31,0.041818509,0.012216701,-0.011268143,97.45,0.052447613,0.006307783,-0.008074255,98.76,0.004505247,0.000358978,-0.00071483,97.45,0.004482412,0.000373045,-0.000417559,98.76,0.000974815,7.11E-05,-1.57E-05,98.76,26.456029,0.30738322,0.25232043,99.15
2003,9,1,30,0.041504573,0.007950626,-0.007463408,97.39,0.044821423,0.006945183,-0.007219615,98.65,0.004036058,0.000327872,-0.000660974,97.39,0.003906193,0.000352796,-0.000641797,98.65,0.001021402,8.75E-05,-5.20E-06,98.65,26.722174,0.31949292,0.5571151,99.12
2003,10,1,31,0.047129586,0.012859381,0.000345851,96.24,0.043689602,0.007047083,-0.005930432,88.99,0.004206,0.000401421,-0.000167092,96.24,0.003876807,0.000380493,-0.000363158,88.92,0.001076186,0.000166293,-2.99E-05,88.92,26.475989,0.3343565,-0.044516266,99.18
2003,11,1,30,0.039680962,0.019357802,-0.005983351,74.18,0.040194571,0.006579439,-0.003796824,95.26,0.003815543,0.000464669,-0.000384325,74.12,0.003462094,0.000366408,-0.00044551,95.1,0.00107157,0.000171299,-0.000143698,95.1,26.815921,0.42465033,-0.34206568,99.21
2003,12,1,31,0.041376394,0.017429936,-0.005304574,68.3,0.037389508,0.005524439,-0.00647221,62.06,0.003661728,0.000363188,-0.000576614,68.3,0.003249642,0.000294235,-0.000636753,62.02,0.00118471,0.00018506,-4.72E-05,62.02,27.827462,0.42226724,-0.084494103,99.2
2004,1,1,31,0.045179826,0.018955629,0.004640623,79.76,0.041664548,0.005072835,-0.001006496,83.94,0.00387657,0.000351007,-0.00011113,79.76,0.003400791,0.000295879,-0.000453208,83.98,0.00118653,0.000142521,-5.22E-05,83.98,28.43436,0.2984569,0.21334024,99.17
2004,2,1,29,0.048896961,0.015169854,0.004549857,84.79,0.043980884,0.005350464,-0.002059812,90.51,0.004025281,0.000353202,-9.34E-05,84.73,0.003601611,0.0002974,-0.000432779,90.45,0.001138251,0.000119879,-4.56E-05,90.45,28.59709,0.27989549,0.22922623,99.12
2004,3,1,31,0.044557009,0.01071166,0.001135988,97.03,0.048529818,0.014436147,0.001163294,95.38,0.003970663,0.000379565,-0.000114392,97.03,0.003731192,0.000678841,-0.000304192,95.14,0.000961626,0.000154752,-0.000143346,95.14,28.628361,0.19166334,0.090084238,99.17
2004,4,1,30,0.04757411,0.014794064,0.003300602,96.48,0.052652252,0.010874651,0.002090032,98.15,0.004215564,0.000535701,2.85E-05,96.48,0.003950941,0.000583846,-0.000159299,98.15,0.000934309,0.000126357,-0.000111423,98.15,28.329942,0.24925966,-0.050855103,99.17
2004,5,1,31,0.054920124,0.016319546,0.004021565,95.88,0.057938847,0.010582197,0.002713593,98.03,0.004811409,0.000689454,0.000194919,95.88,0.00445642,0.000610706,4.69E-05,98.03,0.000938554,9.24E-05,-0.000102747,98.03,27.582778,0.28211447,-0.24237353,99.2
2004,6,1,30,0.052933681,0.013869008,-0.002356385,97.27,0.059577164,0.013064796,-0.003304182,98.77,0.004934143,0.000737186,-0.000182847,97.27,0.004612283,0.000667513,-0.000271608,98.77,0.000968737,0.000114974,-3.61E-05,98.77,27.288366,0.23878422,0.11903878,99.13
2004,7,1,31,0.066954421,0.014184776,0.011678649,97.33,0.083813511,0.013122135,0.018903355,98.65,0.006499154,0.000766081,0.001069844,97.33,0.006378769,0.000770173,0.001240634,98.65,0.00081111,7.65E-05,-0.000152921,98.65,26.255567,0.27854848,-0.26981172,99.15
2004,8,1,31,0.046020125,0.008594746,-0.006579185,97.52,0.057005965,0.007319818,-0.00351508,98.76,0.00496426,0.000455293,-0.000247858,97.52,0.004854297,0.000429119,-4.51E-05,98.76,0.000938343,6.54E-05,-5.22E-05,98.76,26.008091,0.22996738,-0.19561715,99.15
2004,9,1,30,0.041803966,0.010241977,-0.007162218,97.33,0.04764707,0.00544514,-0.004320383,98.27,0.004387718,0.000395504,-0.0003087,97.27,0.004269222,0.000353684,-0.000274412,98.27,0.001001601,0.000107784,-2.51E-05,98.27,25.879692,0.35735556,-0.2853642,99.12
2004,10,1,31,0.041984128,0.013267108,-0.004847716,96.61,0.039795623,0.004866932,-0.009783777,92.36,0.003932912,0.000338019,-0.000440459,96.61,0.003721005,0.000325956,-0.00051868,92.35,0.001052638,0.000115392,-5.43E-05,92.35,26.301613,0.41138144,-0.21850744,99.21
2004,11,1,30,0.035464172,0.016662345,-0.010294807,82.3,0.038137946,0.009370011,-0.006093841,96.77,0.003643537,0.000457205,-0.000543154,82.24,0.003506175,0.000359892,-0.000415488,96.72,0.001147965,0.000136849,-6.95E-05,96.72,27.152654,0.39118186,-0.004321838,99.23
2004,12,1,31,0.036188489,0.014621227,-0.010481645,80.55,0.03773929,0.007628064,-0.005638835,92.8,0.003577134,0.000373112,-0.000643585,80.55,0.003438053,0.000435763,-0.000440566,92.77,0.001129234,0.000120391,-0.000102394,92.77,27.572059,0.38021446,-0.34065731,99.21
2005,1,1,31,0.031288119,0.015190975,-0.00916822,86.67,0.034153278,0.008247348,-0.008257468,93.03,0.003309377,0.000490336,-0.000677007,86.67,0.00320853,0.000480628,-0.000635655,93.08,0.001190668,0.000117476,-4.76E-05,93.08,28.214012,0.31406662,-0.006975053,99.17
2005,2,1,28,0.04097269,0.02073765,-0.002944469,59.03,0.037852745,0.011777197,-0.007966979,66.15,0.003619488,0.000693142,-0.000458448,59.03,0.003429864,0.000651813,-0.000577305,65.81,0.001210259,0.000199695,2.83E-05,65.81,27.408352,0.63978665,-0.95888036,98.09
2005,3,1,31,0.037394707,0.010953074,-0.006027111,97.39,0.040283492,0.005560715,-0.007108272,98.36,0.003570575,0.000331392,-0.000514253,97.39,0.00342284,0.000315459,-0.000614736,98.36,0.001041104,8.89E-05,-6.40E-05,98.36,28.646096,0.25696852,0.10819286,99.18
2005,4,1,30,0.037504394,0.010047256,-0.006790008,97.33,0.043162937,0.008531984,-0.007411859,98.54,0.003664892,0.000471773,-0.000522979,97.33,0.003559878,0.000493279,-0.00055114,98.48,0.00101615,8.72E-05,-2.97E-05,98.48,28.417921,0.38962185,0.037618321,99.18
2005,5,1,31,0.049999657,0.011912975,-0.002173678,96.79,0.051806085,0.008973145,-0.003372096,97.84,0.00450542,0.000519027,-0.000133217,96.79,0.004199301,0.000501417,-0.000207222,97.84,0.000946256,0.00013237,-9.52E-05,97.84,27.408592,0.38189803,-0.41745126,99.13
2005,6,1,30,0.048021834,0.009095087,-0.007272351,97.39,0.054448266,0.010720489,-0.008408427,98.71,0.004683886,0.000375873,-0.000433255,97.39,0.004555946,0.000452053,-0.000326544,98.71,0.001051524,0.000143247,4.66E-05,98.71,26.835157,0.36423799,-0.33364081,99.2
2005,7,1,31,0.046986166,0.047772283,-0.008927375,97.45,0.051084152,0.006836842,-0.013830061,98.71,0.00440398,0.000403115,-0.00102808,97.45,0.004237199,0.00036848,-0.000901999,98.71,0.000970139,6.81E-05,6.50E-06,98.71,26.527369,0.32474322,0.001867119,99.13
2005,8,1,31,0.042714261,0.008796527,-0.009869072,97.33,0.046472419,0.006302039,-0.014019319,98.62,0.004165074,0.000356635,-0.001045857,97.33,0.004003126,0.000368079,-0.000895066,98.62,0.001081471,9.64E-05,9.09E-05,98.62,26.313752,0.37758224,0.11005264,99.17
2005,9,1,30,0.045794027,0.012294959,-0.003297578,95.88,0.043421079,0.005444154,-0.00847761,93.05,0.003984109,0.000315155,-0.000717633,95.88,0.003802025,0.000344505,-0.000735196,92.99,0.000993243,0.000132467,-3.35E-05,92.99,26.162636,0.45497433,-0.001915672,99.15
2005,10,1,31,0.038188472,0.008666873,-0.008610774,97.15,0.03734577,0.005938712,-0.012252128,96.69,0.003570821,0.000307133,-0.000802172,97.15,0.003279657,0.000329381,-0.000958905,96.66,0.001050214,0.00011172,-5.73E-05,96.66,26.694907,0.33555177,0.17448231,99.17
2005,11,1,30,0.035732919,0.015757412,-0.011139789,60.97,0.035782532,0.005406877,-0.008484483,86.99,0.003424629,0.000377373,-0.000797413,60.91,0.003162334,0.000327856,-0.000758655,87,0.001186096,0.000127926,-3.20E-05,87,27.507105,0.3665866,0.34848743,99.12
2005,12,1,31,0.037505276,0.020746669,-0.009134172,88.48,0.036438647,0.005481691,-0.006949391,93.3,0.003396727,0.000380481,-0.00082318,88.48,0.003233296,0.000319003,-0.000643764,93.26,0.001184044,0.000144493,-4.83E-05,93.26,28.557454,0.32725665,0.64467017,99.18
2006,1,1,31,0.04296407,0.024403708,0.001985019,80.91,0.03525928,0.005805928,-0.007212328,72.79,0.003483527,0.000436251,-0.000524089,80.91,0.003185626,0.000314165,-0.000649111,72.76,0.001234803,0.000192608,-2.55E-06,72.76,28.712521,0.33155254,0.49130717,99.12
2006,2,1,28,0.039828735,0.015627562,-0.0041227,84.55,0.041247793,0.008483759,-0.004881161,89.18,0.003638138,0.000386507,-0.000450566,84.48,0.003487655,0.000357699,-0.000543919,89.18,0.001078487,0.000148919,-0.000105575,89.18,28.472613,0.23189771,0.10506589,99.15
2006,3,1,31,0.041984217,0.011644811,-0.001439159,97.21,0.040479645,0.007041651,-0.006860562,95.46,0.003578153,0.000398157,-0.000506684,97.21,0.003396722,0.000405229,-0.000634804,95.35,0.001064538,0.00012152,-3.93E-05,95.35,28.831985,0.16165015,0.2943967,99.21
2006,4,1,30,0.042470988,0.016192194,-0.001777556,96.24,0.046258903,0.014109959,-0.004337566,98.3,0.003803879,0.0007157,-0.000381626,96.24,0.003757368,0.000901105,-0.00035498,98.3,0.001049568,0.00010219,3.64E-06,98.3,28.809415,0.18936787,0.42864751,99.18
2006,5,1,31,0.047179964,0.013200444,-0.003737975,96.85,0.050289892,0.011897828,-0.004876196,98.25,0.004274531,0.000523835,-0.000341894,96.85,0.004199886,0.000621664,-0.00020597,98.25,0.001114273,0.000115429,7.25E-05,98.25,28.260149,0.30538434,0.43478934,99.2
2006,6,1,30,0.047106737,0.02137598,-0.008187448,97.39,0.05728523,0.026900239,-0.005877997,98.79,0.004691158,0.000608268,-0.000425983,97.39,0.004676383,0.000929682,-0.000215722,98.79,0.000997915,0.000596748,-1.41E-05,98.79,27.500498,0.29716636,0.33110073,99.13
2006,7,1,31,0.046699683,0.010460069,-0.008607393,96.91,0.054468973,0.009721065,-0.01050179,98.63,0.004610876,0.000520086,-0.000819323,96.91,0.004498753,0.000569113,-0.00064246,98.63,0.000974008,0.00010567,1.01E-05,98.63,26.978617,0.28242621,0.45315731,99.17
2006,8,1,31,0.05263062,0.013792795,4.60E-05,96.91,0.05750585,0.007380003,-0.002966463,98.56,0.00493572,0.00046131,-0.000274969,96.91,0.004731747,0.00044772,-0.00016473,98.56,0.000886828,8.37E-05,-0.000103929,98.56,26.440644,0.36977076,0.23662803,99.12
2006,9,1,30,0.039227607,0.010208343,-0.009706928,96.91,0.043481613,0.009773587,-0.008459821,95.73,0.00399157,0.000562464,-0.000703628,96.91,0.003933793,0.000600317,-0.000610141,95.72,0.00096783,0.000148482,-5.88E-05,95.72,26.013006,0.42291787,-0.15206805,99.13
2006,10,1,31,0.031317894,0.014484905,-0.015506834,83.03,0.034489875,0.008476714,-0.015172454,91.41,0.003310635,0.000469215,-0.001055075,82.97,0.003270365,0.000533022,-0.000971373,91.36,0.001183189,0.000145698,7.49E-05,91.36,26.441231,0.61096005,-0.078673134,99.21
2006,11,1,30,0.03405346,0.014265776,-0.011533524,81.58,0.032104338,0.008177231,-0.011950193,77.39,0.003400417,0.000485113,-0.000776426,81.58,0.003258474,0.000502381,-0.00064921,77.29,0.001312194,0.000202688,9.40E-05,77.29,26.956293,0.52702893,-0.20164286,99.18
2006,12,1,31,0.037096895,0.011967276,-0.009562413,92.18,0.037460567,0.00580711,-0.005923543,91.44,0.003647948,0.00037445,-0.00057919,92.18,0.003600478,0.000378035,-0.00027858,91.38,0.001275535,0.000160846,4.18E-05,91.38,28.039118,0.53399394,0.12659547,99.21
2007,1,1,31,0.043720739,0.018242043,0.002985285,65.21,0.041622884,0.010095682,-0.000794341,58.3,0.003947553,0.000629735,-4.49E-05,65.15,0.003944764,0.000696406,0.000115635,57.81,0.001071065,0.000283543,-0.0001528,57.81,28.184505,0.4525207,-0.036428425,99.17
2007,2,1,28,0.041652143,0.013174901,-0.002452982,95.52,0.042215055,0.00598096,-0.003854746,94.7,0.00384117,0.000348958,-0.000273483,95.52,0.003740087,0.000376787,-0.000295553,94.64,0.001204839,0.000133002,1.87E-05,94.64,28.849229,0.25786735,0.48210105,99.2
2007,3,1,31,0.04534806,0.0268913,0.001750469,87.82,0.042572472,0.01656383,-0.004821485,89.69,0.003754977,0.000425979,-0.000338872,87.76,0.003700607,0.000961716,-0.000335671,89.68,0.001141853,0.00017509,3.68E-05,89.68,28.920619,0.26415681,0.38220856,99.15
2007,4,1,30,0.044085004,0.011772742,-0.000202051,97.39,0.048225107,0.010774873,-0.002350297,98.27,0.004018485,0.000509628,-0.000169621,97.39,0.003923307,0.000554325,-0.000187609,98.22,0.001079192,0.000132791,3.37E-05,98.22,28.697197,0.32941887,0.31660452,99.2
2007,5,1,31,0.043162292,0.010986437,-0.007774757,97.09,0.053336966,0.008016349,-0.001902082,98.59,0.004300364,0.000400254,-0.000319519,97.09,0.004231235,0.000468264,-0.000179187,98.59,0.001084913,8.28E-05,4.34E-05,98.59,28.119657,0.31664101,0.29435407,99.18
2007,6,1,30,0.053341817,0.012860609,-0.001916335,96.67,0.057430655,0.008632199,-0.005314919,97.27,0.004716312,0.000446426,-0.000398759,96.67,0.0045248,0.000455225,-0.000353246,97.21,0.001028459,0.000132298,2.44E-05,97.21,27.613438,0.28732054,0.44416528,99.13
2007,7,1,31,0.050394359,0.016594485,-0.004871042,97.27,0.059152421,0.01175001,-0.005856559,98.5,0.004882009,0.000393074,-0.000547058,97.27,0.004738628,0.000490164,-0.000403985,98.5,0.000953881,9.17E-05,-1.00E-05,98.5,26.706925,0.39025218,0.18153146,99.17
2007,8,1,31,0.050379719,0.011288951,-0.002200917,97.21,0.052072009,0.007930867,-0.008463282,97.87,0.0046695,0.000452885,-0.000541338,97.21,0.004307331,0.000467379,-0.000592767,97.86,0.000966637,0.000102934,-2.38E-05,97.86,26.476728,0.35675034,0.27328901,99.17
2007,9,1,30,0.036582846,0.011151511,-0.012374288,97.21,0.041549715,0.006818575,-0.010465934,97.84,0.003867318,0.000371789,-0.000829508,97.21,0.003535676,0.000380945,-0.001011354,97.81,0.001034993,0.000114671,8.43E-06,97.81,26.334463,0.332483,0.16986658,99.17
2007,10,1,31,0.036925954,0.016988494,-0.009816537,92.91,0.03829456,0.018909779,-0.011524575,84.8,0.003652172,0.000537436,-0.000718532,92.91,0.003275939,0.000823618,-0.000970736,84.74,0.001123143,0.000174547,1.47E-05,84.74,26.671258,0.2833608,0.15034662,99.15
2007,11,1,30,0.034918037,0.015773034,-0.010898923,81.88,0.03499568,0.009146579,-0.009516313,77.43,0.003329516,0.0005228,-0.000855433,81.88,0.003111954,0.000537298,-0.000824239,77.23,0.001203613,0.000161205,-1.81E-05,77.23,26.981313,0.43432829,-0.17667379,99.21
2007,12,1,31,0.033163289,0.016052195,-0.013461695,87.09,0.035719596,0.008058865,-0.007402617,73.45,0.0034248,0.000598045,-0.000787224,87.09,0.00328089,0.000487808,-0.000579281,73.25,0.001212984,0.000172754,-2.15E-05,73.25,27.46093,0.46302471,-0.45238278,98.97
2008,1,1,31,-999,-999,-999,-999,0.039736642,0.009917585,-0.002723211,75.3,-999,-999,-999,-999,0.003579101,0.000583583,-0.000258595,75.16,0.001194782,0.000188679,-4.14E-05,75.16,27.61733,0.33015037,-0.60384103,99.13
2008,2,1,29,-999,-999,-999,-999,0.043631406,0.009427527,-0.002571107,97.31,-999,-999,-999,-999,0.003841806,0.000551837,-0.000200414,97.33,0.001204998,0.000113012,1.91E-05,97.33,28.151681,0.16377847,-0.21576164,99.17
2008,3,1,31,-999,-999,-999,-999,0.042993053,0.009789096,-0.004357388,90.59,-999,-999,-999,-999,0.003927477,0.00065419,-0.000106616,90.5,0.001093688,0.000160685,-1.04E-05,90.5,27.951433,0.12891482,-0.58732956,99.12
2008,4,1,30,0.04217224,0.014885997,-0.002114428,96.67,0.044004279,0.010129944,-0.006576411,98.42,0.003832151,0.000553442,-0.000355714,96.67,0.00379778,0.000558067,-0.000314011,98.41,0.00107837,0.000112648,3.24E-05,98.41,28.039086,0.14916695,-0.34128189,99.2
2008,5,1,31,0.0438822,0.10244867,-0.008335799,97.52,0.046512712,0.009579973,-0.008750829,98.71,0.004030141,0.001793844,-0.000610603,97.52,0.003950543,0.000522879,-0.00046111,98.71,0.001091928,0.000107137,5.03E-05,98.71,27.848467,0.16251266,0.022775767,99.18
2008,6,1,30,0.054880315,0.025126175,-0.00036851,89.94,0.059989366,0.011359047,-0.00268115,97.89,0.004859696,0.000824876,-0.0002574,89.94,0.004893455,0.000688363,1.94E-05,97.86,0.000960107,0.000111845,-4.42E-05,97.86,27.172461,0.22291767,0.003364613,99.15
2008,7,1,31,-999,-999,-999,-999,0.062525554,0.007334647,-0.002437935,98.66,-999,-999,-999,-999,0.00512234,0.00045223,-1.82E-05,98.66,0.000989409,6.86E-05,2.55E-05,98.66,26.495034,0.23850331,-0.030409879,99.13
2008,8,1,31,0.057022107,0.016766451,0.003967673,96.48,0.066198256,0.010669985,0.005764251,98.56,0.005289312,0.000742537,7.08E-05,96.48,0.005313021,0.000631441,0.000418269,98.56,0.000875571,8.71E-05,-0.000115139,98.56,25.888247,0.26208451,-0.31578177,99.12
2008,9,1,30,0.073567699,0.025568831,0.024494418,92.3,0.064645335,0.015329292,0.012245742,83.85,0.005917306,0.000937852,0.001209268,92.24,0.005379599,0.000850426,0.000796655,83.42,0.00097405,0.000168581,-4.95E-05,83.42,25.550418,0.29265695,-0.61458727,99.13
2008,10,1,31,0.054168413,0.026237453,0.007428157,94.97,0.054260153,0.016519487,0.00466335,92.68,0.004964273,0.00102219,0.000590922,94.97,0.004686791,0.000956623,0.000444226,92.7,0.001159828,0.000121069,5.25E-05,92.7,26.136907,0.26560973,-0.38397965,99.17
2008,11,1,30,0.061303835,0.024862271,0.015416393,88.3,0.055746913,0.015384868,0.011593838,94.75,0.004989139,0.001040273,0.000795276,88.3,0.004849115,0.000943815,0.000928816,94.76,0.001273244,0.000133628,5.63E-05,94.76,27.23598,0.33614412,0.077238422,99.13
2008,12,1,31,0.063933949,0.029097383,0.017649752,95.7,0.057174128,0.019845529,0.013820623,88.07,0.004987502,0.001215084,0.000782102,95.7,0.005025347,0.001244044,0.001143701,88.02,0.001286926,0.000157116,5.45E-05,88.02,27.94638,0.34804748,0.033539649,99.15
2009,1,1,31,0.045858245,0.024759023,0.004506843,71.03,0.046501524,0.01336488,0.004004477,92.18,0.004171363,0.00099827,0.000131658,71.03,0.00436677,0.000898454,0.000515613,92.09,0.001273154,0.000174338,3.53E-05,92.09,28.269064,0.28927883,0.048461305,99.18
2009,2,1,28,0.050666994,0.024229124,0.00639176,87.15,0.047969247,0.012614826,0.001995701,87.84,0.004406777,0.000834005,0.000273053,87.15,0.004468578,0.000848804,0.000437399,87.69,0.001213291,0.000146801,2.98E-05,87.69,28.577128,0.17465515,0.21063587,99.2
2009,3,1,31,0.060172545,0.027361103,0.016567363,95.94,0.058744507,0.012892038,0.011456133,95.16,0.005060379,0.000889186,0.000974673,95.94,0.005145764,0.000920584,0.001114076,95.1,0.001043256,0.000119847,-6.14E-05,95.1,28.339025,0.22785414,-0.19914955,99.13
2009,4,1,30,0.052834691,0.024503314,0.008553014,97.15,0.055772342,0.009156562,0.005239213,98.38,0.004786152,0.0006509,0.000598256,97.15,0.004751288,0.000687005,0.000642257,98.38,0.001005523,0.000102175,-4.03E-05,98.38,28.346115,0.16941675,-0.034132432,99.18
2009,5,1,31,-999,-999,-999,-999,0.064286321,0.013482568,0.008964248,98.69,-999,-999,-999,-999,0.005171082,0.000572245,0.000760373,98.68,0.000984752,7.99E-05,-5.68E-05,98.68,27.988456,0.19381729,0.16295683,99.18
2009,6,1,30,0.068108109,0.0170295,0.012784988,93.76,0.074616888,0.008442724,0.011804344,98.74,0.005728057,0.0006085,0.000608951,93.76,0.005726115,0.000505507,0.000843965,98.74,0.000922425,6.76E-05,-8.18E-05,98.74,27.074704,0.37095535,-0.093377015,99.21
2009,7,1,31,0.075357714,0.024793541,0.019660885,70.24,0.074956383,0.0113876,0.010009525,98.68,0.006082032,0.000727576,0.000602328,70.18,0.005684386,0.000688587,0.000544723,98.68,0.000937716,8.68E-05,-2.63E-05,98.68,26.446539,0.39988371,-0.078844124,99.15
2009,8,1,31,0.066580142,0.084754909,0.013460129,97.09,0.069887523,0.010815905,0.009402704,98.36,0.005924117,0.001499683,0.000701543,97.03,0.005598602,0.0005565,0.000700519,98.35,0.001046332,0.000139462,5.58E-05,98.35,26.23538,0.43654258,0.03204559,99.17
2009,9,1,30,-999,-999,-999,-999,0.081294758,0.020113544,0.029353832,93.85,-999,-999,-999,-999,0.006370756,0.00109275,0.001823184,93.2,0.000906733,0.000167597,-0.000122227,93.2,26.032286,0.54875805,-0.13248873,99.13
2009,10,1,31,-999,-999,-999,-999,0.075279166,0.021371987,0.025640626,98.41,-999,-999,-999,-999,0.00601214,0.001121619,0.001770313,98.41,0.001083287,0.000107752,-2.44E-05,98.41,26.38176,0.39418974,-0.13926283,99.13
2009,11,1,30,0.071208362,0.026418463,0.023603781,62.42,0.063139741,0.017673801,0.01874716,86.08,0.005630913,0.001163242,0.001347381,62.36,0.005348336,0.000992946,0.001412143,85.96,0.001248347,0.000172391,3.04E-05,85.96,27.516851,0.38703257,0.35851121,99.17
2009,12,1,31,0.057690098,0.019907148,0.011361757,97.21,0.059167777,0.01485992,0.015742329,94.87,0.005009128,0.000841591,0.000801771,97.21,0.005121061,0.000849132,0.001240242,94.84,0.001252558,0.000117708,2.05E-05,94.84,28.231033,0.37407976,0.31808848,99.17
2010,1,1,31,0.055201715,0.020703916,0.01422393,77.39,0.051466283,0.009867067,0.009009929,61.27,0.004527366,0.000622581,0.000504536,77.39,0.004717847,0.000625016,0.000849435,61.21,0.001302467,0.000150732,5.86E-05,61.21,28.315271,0.5000879,0.095167255,98.98
2010,2,1,28,0.048321338,0.01910875,0.003682811,52.67,0.054047151,0.011121794,0.007597313,75.89,0.004697083,0.000706095,0.000513214,52.67,0.005091731,0.000861185,0.001009339,75.82,0.001058249,0.000207041,-0.00013021,75.82,28.263445,0.47233393,-0.10388,99.15
2010,3,1,31,0.046617297,0.023461322,0.002983037,96.36,0.052258669,0.014541933,0.004812962,98.25,0.004357775,0.000664686,0.000267936,96.36,0.004713728,0.000784812,0.000673057,98.25,0.001075436,0.000146068,-3.02E-05,98.25,28.264082,0.32526354,-0.27346665,99.2
2010,4,1,30,0.041916272,0.013913165,-0.002361889,97.27,0.04868166,0.017016131,-0.002048269,98.76,0.0039284,0.000768972,-0.000258946,97.27,0.004172641,0.000895754,5.70E-05,98.76,0.00101527,0.000164585,-3.24E-05,98.76,28.419998,0.29578919,0.039001364,99.17
2010,5,1,31,0.047781848,0.016798686,-0.003140288,96.48,0.054864223,0.026320867,-0.000726509,98.72,0.004267582,0.000733952,-0.000351869,96.48,0.00442964,0.00147004,1.22E-06,98.72,0.00097843,0.000340851,-6.77E-05,98.72,28.10139,0.37188498,0.27553177,99.13
2010,6,1,30,0.055012377,0.019066059,-0.000296875,96.97,0.06249444,0.016142898,-0.000264107,98.51,0.004759704,0.000885891,-0.000358174,96.97,0.004741147,0.000915624,-0.000138022,98.51,0.001017778,9.26E-05,1.34E-05,98.51,27.122988,0.43763846,-0.046233575,99.15
2010,7,1,31,0.053607583,0.01807257,-0.001606995,96,0.062689537,0.014721059,-0.002230876,97.92,0.005066007,0.000931082,-0.000359771,96,0.005006276,0.000903052,-0.000132008,97.9,0.000880203,0.000113263,-8.36E-05,97.9,26.52942,0.37650506,0.003838026,99.15
2010,8,1,31,0.05066677,0.017241887,-0.00186904,95.88,0.056631711,0.011915431,-0.003873779,98.6,0.004735169,0.000662043,-0.000473656,95.88,0.004797049,0.00069724,-0.000101598,98.6,0.000934669,0.000122412,-5.61E-05,98.6,26.242133,0.41608529,0.038325972,99.17
2010,9,1,30,0.05144131,0.013897661,0.002475772,95.03,0.052287582,0.008126611,0.000402347,94.87,0.004643009,0.000557867,-5.37E-05,95.03,0.004677116,0.000545277,0.000138904,94.84,0.000990615,0.000130008,-3.55E-05,94.84,26.122184,0.39931982,-0.042946092,99.12
2010,10,1,31,0.050371795,0.019866121,0.003645401,85.64,0.047514906,0.007954109,-0.002006344,80.92,0.004562974,0.000687248,0.000190229,85.58,0.00442472,0.000551123,0.000184198,80.83,0.001088644,0.000137907,-1.83E-05,80.83,26.196317,0.33866305,-0.32445856,99.1
2010,11,1,30,0.037987035,0.014960571,-0.007638134,92.91,0.041067271,0.005908737,-0.002903822,91.67,0.003690626,0.000386776,-0.000514602,66.12,0.003845638,0.000350003,-6.29E-05,91.65,0.001241233,0.00013724,2.54E-05,91.65,26.841566,0.27945302,-0.31694118,99.13
2010,12,1,31,0.043975191,0.025381907,-0.002635082,74.3,0.038298955,0.008906917,-0.005003713,82.27,-999,-999,-999,-999,0.003597453,0.000531302,-0.000275253,82.24,0.001232649,0.000175466,-2.50E-06,82.24,27.649905,0.24661471,-0.26293521,99.15
2011,1,1,31,-999,-999,-999,-999,0.047185768,0.012104469,0.004360362,64.28,-999,-999,-999,-999,0.004131926,0.000691635,0.000256924,64.2,0.001241723,0.000179014,6.83E-06,64.2,27.355813,0.21661,-0.86517676,99.1
2011,2,1,28,-999,-999,-999,-999,0.050592899,0.010470842,0.004103336,84.21,-999,-999,-999,-999,0.004757132,0.000747045,0.000689032,84.27,0.001192453,0.000157509,7.39E-06,84.27,27.34444,0.22897201,-1.0230026,99.17
2011,3,1,31,-999,-999,-999,-999,0.051044578,0.005991284,0.003635207,97.68,-999,-999,-999,-999,0.004918336,0.000449449,0.000879054,97.68,0.001097703,0.000111676,-7.51E-06,97.68,27.524915,0.17541529,-1.0133646,99.17
2011,4,1,30,-999,-999,-999,-999,0.055467643,0.01052572,0.004942179,98.36,-999,-999,-999,-999,0.004822891,0.000652101,0.000714675,98.36,0.000998429,9.98E-05,-4.79E-05,98.36,27.524304,0.15387407,-0.85628852,99.2
2011,5,1,31,-999,-999,-999,-999,0.064706922,0.013046165,0.009467368,97.19,-999,-999,-999,-999,0.005206087,0.000790326,0.000795756,97.18,0.001053024,0.000131267,1.14E-05,97.18,27.06232,0.25357361,-0.76388104,99.09
2011,6,1,30,-999,-999,-999,-999,0.078488364,0.015867881,0.015608623,98.72,-999,-999,-999,-999,0.005845282,0.000855207,0.000961656,98.72,0.000924867,8.34E-05,-8.00E-05,98.72,26.409518,0.29666565,-0.7590956,99.17
2011,7,1,31,-999,-999,-999,-999,0.084754231,0.018525807,0.019776946,98.6,-999,-999,-999,-999,0.006434267,0.001065213,0.00129352,98.6,0.000901681,9.40E-05,-6.23E-05,98.6,25.875597,0.24172757,-0.65000478,99.15
2011,8,1,31,-999,-999,-999,-999,0.07215283,0.017736251,0.011621927,98.69,-999,-999,-999,-999,0.006023472,0.00109969,0.001123427,98.69,0.000963213,7.76E-05,-2.74E-05,98.69,25.757636,0.23672243,-0.44612289,99.15
2011,9,1,30,-999,-999,-999,-999,0.062298276,0.020412998,0.010239923,98.38,-999,-999,-999,-999,0.005488973,0.001263094,0.000939657,98.36,0.001061084,0.000102321,3.44E-05,98.36,25.932404,0.1708218,-0.23237025,99.13
2011,10,1,31,-999,-999,-999,-999,0.065699221,0.020799723,0.016254695,94.46,-999,-999,-999,-999,0.005383978,0.001234321,0.001149598,94.38,0.001026618,0.000120219,-8.05E-05,94.38,26.065838,0.19017068,-0.45506253,99.12
2011,11,1,30,-999,-999,-999,-999,0.057653615,0.018911584,0.013362512,75.41,-999,-999,-999,-999,0.0047952,0.001083003,0.000865493,75.33,0.001176102,0.000145879,-3.84E-05,75.33,26.589801,0.28190241,-0.56869041,99.17
2011,12,1,31,-999,-999,-999,-999,0.05319327,0.015849088,0.009989207,92.44,-999,-999,-999,-999,0.004813838,0.001045569,0.000945808,92.42,0.001206517,0.000125818,-2.62E-05,92.42,27.369839,0.17484506,-0.54318065,99.17
2012,1,1,31,-999,-999,-999,-999,0.057103936,0.018948088,0.014251681,91.38,-999,-999,-999,-999,0.004691144,0.000999158,0.000822839,91.38,0.001261384,0.000152646,2.43E-05,91.38,27.756981,0.23515992,-0.46394261,99.15
2012,2,1,29,-999,-999,-999,-999,0.052789134,0.011923717,0.006482142,96.39,-999,-999,-999,-999,0.004412371,0.000724743,0.000364206,96.39,0.001238576,0.000114739,5.26E-05,96.39,28.515156,0.26994317,0.14907942,99.23
2012,3,1,31,-999,-999,-999,-999,0.05421297,0.01173404,0.006826036,89.18,-999,-999,-999,-999,0.00449907,0.000689123,0.000458018,89.18,0.001210733,0.000186049,0.0001066,89.18,28.570311,0.30247346,0.032035189,99.17
2012,4,1,30,-999,-999,-999,-999,0.054812415,0.008917218,0.004247888,97.56,-999,-999,-999,-999,0.004438688,0.000528308,0.000328525,97.56,0.001147764,0.000132745,0.000102091,97.56,28.45585,0.23756422,0.075082633,99.18
2012,5,1,31,-999,-999,-999,-999,0.062272251,0.010242748,0.00699162,98.77,-999,-999,-999,-999,0.004831065,0.000593064,0.000418544,98.77,0.00107629,7.05E-05,3.47E-05,98.77,27.697701,0.37408148,-0.12783704,99.17
2012,6,1,30,-999,-999,-999,-999,0.067096418,0.01160893,0.004335218,98.57,-999,-999,-999,-999,0.005048891,0.000647001,0.000169563,98.57,0.001074658,8.13E-05,7.03E-05,98.57,27.100917,0.47597799,-0.068480136,99.13
2012,7,1,31,-999,-999,-999,-999,0.072029082,0.010603599,0.007112621,98.41,-999,-999,-999,-999,0.005570376,0.000594743,0.000432058,98.41,0.001083163,9.17E-05,0.000119412,98.41,26.488541,0.37172178,-0.037159626,99.23
2012,8,1,31,-999,-999,-999,-999,0.075103505,0.012289167,0.014595582,98.6,-999,-999,-999,-999,0.005759702,0.000604815,0.000860452,98.6,0.001010854,0.000109476,2.03E-05,98.6,25.918561,0.37415298,-0.28560358,99.12
2012,9,1,30,-999,-999,-999,-999,0.064811237,0.011845876,0.01285013,94.44,-999,-999,-999,-999,0.005337849,0.000629866,0.000792075,94.44,0.00118834,0.000156358,0.000161654,94.44,26.013625,0.46442219,-0.15023857,99.21
2012,10,1,31,-999,-999,-999,-999,0.069655489,0.012407555,0.020025204,96.95,-999,-999,-999,-999,0.00561447,0.000680539,0.001371854,96.95,0.001127742,0.000145411,2.10E-05,96.95,26.240717,0.32872773,-0.27984733,99.17
2012,11,1,30,-999,-999,-999,-999,0.056873369,0.012824573,0.012709979,94.55,-999,-999,-999,-999,0.004805878,0.000727775,0.000886449,94.55,0.001332677,0.000141475,0.000116369,94.55,27.510666,0.38090187,0.35274386,99.21
2012,12,1,31,-999,-999,-999,-999,0.056819795,0.012068472,0.012504304,58.83,-999,-999,-999,-999,0.004829246,0.00068347,0.000874681,58.83,0.001344739,0.000153298,0.000104973,58.83,28.003442,0.59852113,0.090521734,98.94
2013,1,1,31,-999,-999,-999,-999,0.058116133,0.018274948,0.015310796,62.53,-999,-999,-999,-999,0.004869956,0.000911095,0.000987021,62.53,0.001306621,0.000202354,6.87E-05,62.53,27.488638,0.54335611,-0.73228488,99.15
2013,2,1,28,-999,-999,-999,-999,0.054831822,0.008226277,0.008620109,77,-999,-999,-999,-999,0.004649426,0.000518294,0.000608221,77,0.00117451,0.000188944,-8.23E-07,77,28.122994,0.42824873,-0.2440043,99.15
2013,3,1,31,-999,-999,-999,-999,0.056058363,0.006108551,0.008559847,98.68,-999,-999,-999,-999,0.00457776,0.000404688,0.00053357,98.68,0.001125034,0.000102825,1.99E-05,98.68,28.301562,0.23489878,-0.23563275,99.23
2013,4,1,30,-999,-999,-999,-999,0.063667717,0.008487522,0.01307568,97.53,-999,-999,-999,-999,0.00476864,0.000436845,0.000656661,97.53,0.00103927,0.000130435,-6.27E-06,97.53,28.662904,0.34599812,0.2819329,99.15
2013,5,1,31,-999,-999,-999,-999,0.060845531,0.009890464,0.005549496,97.37,-999,-999,-999,-999,0.004739279,0.000522188,0.000329249,97.36,0.001009252,0.000122584,-3.24E-05,97.36,27.74346,0.34139818,-0.081739957,99.15
2013,6,1,30,-999,-999,-999,-999,0.07104466,0.008260288,0.00823663,98.74,-999,-999,-999,-999,0.00538195,0.00047419,0.000499811,98.74,0.000976609,6.96E-05,-2.76E-05,98.74,26.824246,0.35341483,-0.34491882,99.17
2013,7,1,31,-999,-999,-999,-999,0.078121358,0.010524867,0.013205001,97.37,-999,-999,-999,-999,0.00584064,0.000605469,0.00070227,97.37,0.000982249,0.000109238,1.87E-05,97.37,26.000105,0.34152227,-0.5254511,99.12
2013,8,1,31,-999,-999,-999,-999,0.069907918,0.013561393,0.009316043,98.74,-999,-999,-999,-999,0.005590528,0.00075548,0.000687291,98.74,0.001068345,0.000103861,7.75E-05,98.74,25.504381,0.46113354,-0.69920435,99.17
2013,9,1,30,-999,-999,-999,-999,0.06019813,0.01103177,0.008156352,98.57,-999,-999,-999,-999,0.004969989,0.000598759,0.000421056,98.57,0.001093554,0.000111961,6.71E-05,98.57,25.545706,0.42279839,-0.61888805,99.17
2013,10,1,31,-999,-999,-999,-999,0.055193748,0.024470256,0.005337853,89.21,-999,-999,-999,-999,0.004679178,0.001072821,0.000426946,89.21,0.00117064,0.000263634,6.04E-05,89.21,26.131051,0.29430248,-0.38975827,99.15
2013,11,1,30,-999,-999,-999,-999,0.049879518,0.012133194,0.005973491,84.36,-999,-999,-999,-999,0.004356713,0.000693558,0.000450366,84.36,0.001243542,0.000184853,2.57E-05,84.36,26.479775,0.41528742,-0.6784352,99.17
2013,12,1,31,-999,-999,-999,-999,0.043478529,0.010738961,0.000301184,94.17,-999,-999,-999,-999,0.003885261,0.00063553,2.01E-05,94.17,0.001246175,0.000173791,1.47E-05,94.17,27.47675,0.32829002,-0.43623337,99.17
2014,1,1,31,-999,-999,-999,-999,0.043301554,0.009989497,0.000786107,91.19,-999,-999,-999,-999,0.00379155,0.000541089,-5.61E-05,91.19,0.001263164,0.000141117,2.59E-05,91.19,27.990875,0.24922297,-0.23005447,99.18
2014,2,1,28,-999,-999,-999,-999,0.046761537,0.007720898,0.00063391,64.64,-999,-999,-999,-999,0.004064943,0.000509955,2.60E-05,64.64,0.001243329,0.000195347,6.37E-05,64.64,28.051625,0.31766381,-0.31595374,99.17
2014,3,1,31,-999,-999,-999,-999,0.050029157,0.009285013,0.002583671,92.93,-999,-999,-999,-999,0.004127902,0.000583293,8.90E-05,92.93,0.001178032,0.000144074,7.41E-05,92.93,28.173735,0.21161932,-0.36443367,99.15
2014,4,1,30,-999,-999,-999,-999,0.056730028,0.009585488,0.006072175,96.69,-999,-999,-999,-999,0.004246777,0.000499152,0.000131015,96.68,0.000977072,0.000181576,-6.94E-05,96.68,27.920164,0.26722857,-0.46039135,99.17
2014,5,1,31,-999,-999,-999,-999,0.057891745,0.009219193,0.002619772,98.33,-999,-999,-999,-999,0.004322655,0.000474774,-8.91E-05,98.33,0.001063927,0.000111017,2.23E-05,98.33,27.157228,0.39768028,-0.66840209,99.15
2014,6,1,30,-999,-999,-999,-999,0.064659135,0.008518526,0.001861901,98.47,-999,-999,-999,-999,0.004727081,0.000494868,-0.00015426,98.47,0.000996642,8.91E-05,-7.45E-06,98.47,26.674895,0.35127272,-0.49457914,99.09
2014,7,1,31,-999,-999,-999,-999,0.060203495,0.01430144,-0.004957584,98.74,-999,-999,-999,-999,0.004546374,0.000519855,-0.000599243,98.74,0.001032475,0.000167577,6.65E-05,98.74,26.467231,0.30250731,-0.057934557,99.15
2014,8,1,31,-999,-999,-999,-999,0.05709619,0.008371554,-0.003379753,98.21,-999,-999,-999,-999,0.004491859,0.000477252,-0.000405377,98.21,0.001087144,7.59E-05,9.62E-05,98.21,26.463751,0.31640563,0.25994371,99.17
2014,9,1,30,-999,-999,-999,-999,0.048094747,0.00673347,-0.00390235,96.01,-999,-999,-999,-999,0.004111465,0.000393544,-0.00043495,96.01,0.001135606,0.000114283,0.000108564,96.01,26.565575,0.32817555,0.40080011,99.13
2014,10,1,31,-999,-999,-999,-999,0.048328354,0.007308243,-0.001411195,96.96,-999,-999,-999,-999,0.004025446,0.000408795,-0.000222083,96.96,0.001164381,0.000125469,5.67E-05,96.96,26.726788,0.39283008,0.20587409,99.18
2014,11,1,30,-999,-999,-999,-999,0.043622543,0.012131094,-0.000399827,90.56,-999,-999,-999,-999,0.003764037,0.000663272,-0.00014205,90.56,0.001222352,0.000139864,7.08E-06,90.56,27.204526,0.30172432,0.045688327,99.13
2014,12,1,31,-999,-999,-999,-999,0.040653089,0.006395897,-0.003033929,77.55,-999,-999,-999,-999,0.003614848,0.000377516,-0.00028049,77.55,0.001272581,0.000165647,3.87E-05,77.55,27.632606,0.45252113,-0.2803356,99.18
2015,1,1,31,-999,-999,-999,-999,0.038464098,0.010187805,-0.004597954,78.11,-999,-999,-999,-999,0.003489064,0.000557938,-0.000393937,78.11,0.001304824,0.0002134,6.88E-05,78.11,28.63877,0.5069875,0.41783024,99.15
2015,2,1,28,-999,-999,-999,-999,0.04124168,0.006782296,-0.00493557,79.52,-999,-999,-999,-999,0.003624466,0.000420266,-0.000420292,79.52,0.001198858,0.000163561,9.79E-06,79.52,28.480695,0.20816405,0.11311648,99.17
2015,3,1,31,-999,-999,-999,-999,0.043044067,0.009508691,-0.004399339,97.63,-999,-999,-999,-999,0.003614613,0.000511346,-0.000423877,97.63,0.001152718,0.000121068,4.77E-05,97.63,28.517476,0.19536427,-0.020568424,99.2
2015,4,1,30,-999,-999,-999,-999,0.047808395,0.012461472,-0.002736307,98.59,-999,-999,-999,-999,0.003687661,0.000540889,-0.000422211,98.59,0.001095131,0.000134862,4.93E-05,98.59,28.534123,0.18603033,0.1531272,99.17
2015,5,1,31,-999,-999,-999,-999,0.053433214,0.010025614,-0.001868725,98.6,-999,-999,-999,-999,0.003989133,0.000512058,-0.000422813,98.6,0.001064046,7.43E-05,2.12E-05,98.6,28.03316,0.27680611,0.20756454,99.15
2015,6,1,30,-999,-999,-999,-999,0.063602574,0.010081963,0.000780373,98.77,-999,-999,-999,-999,0.004681091,0.000551859,-0.000201556,98.77,0.001019911,7.10E-05,1.57E-05,98.77,27.512024,0.28754048,0.34314598,99.13
2015,7,1,31,-999,-999,-999,-999,0.061753638,0.008730137,-0.003114145,98.42,-999,-999,-999,-999,0.004815266,0.000444734,-0.000321066,98.42,0.001017823,7.91E-05,5.39E-05,98.42,26.794785,0.33801392,0.26928536,99.1
2015,8,1,31,-999,-999,-999,-999,0.067302451,0.009129011,0.006835908,95.52,-999,-999,-999,-999,0.005279482,0.000490057,0.000384134,95.52,0.000950614,0.000139021,-4.17E-05,95.52,26.214468,0.2706436,0.01032197,99.12
2015,9,1,30,-999,-999,-999,-999,0.056709485,0.00991649,0.004679683,97.68,-999,-999,-999,-999,0.004638579,0.000562024,9.11E-05,97.68,0.001016246,0.000146081,-1.06E-05,97.68,26.164918,0.4401301,-0.000155594,99.13
2015,10,1,31,-999,-999,-999,-999,0.053238385,0.008510946,0.003566738,90.57,-999,-999,-999,-999,0.004476638,0.000489276,0.000233805,90.57,0.001060302,0.000191008,-4.71E-05,90.57,26.102055,0.66807192,-0.41817039,99.15
2015,11,1,30,-999,-999,-999,-999,0.039647285,0.00886043,-0.003933031,69.18,-999,-999,-999,-999,0.003632104,0.000538902,-0.000242252,69.18,0.001251996,0.000175991,4.25E-05,69.18,26.821321,0.48841288,-0.33690351,99.2
2015,12,1,31,-999,-999,-999,-999,0.043532458,0.015955038,6.11E-05,89.6,-999,-999,-999,-999,0.003778927,0.000713313,-0.000106643,89.59,0.001223378,0.000195643,-9.03E-06,89.59,27.468556,0.55355193,-0.44291061,99.27
2016,1,1,31,-999,-999,-999,-999,0.043792447,0.007192402,0.00126798,83.85,-999,-999,-999,-999,0.003775377,0.000435982,-7.01E-05,83.85,0.001194435,0.000154082,-4.04E-05,83.85,28.187121,0.48457256,-0.03348427,99.2
2016,2,1,29,-999,-999,-999,-999,0.043348462,0.008214674,-0.002764943,71.44,-999,-999,-999,-999,0.00374968,0.000481171,-0.000287822,71.44,0.001242493,0.000153132,5.96E-05,71.44,28.419716,0.41596128,0.052194635,99.17
2016,3,1,31,-999,-999,-999,-999,0.04318895,0.015600798,-0.004145689,96.42,-999,-999,-999,-999,0.003601604,0.000898811,-0.000432271,96.42,0.001149318,0.000145736,4.43E-05,96.42,28.788988,0.37100685,0.25202296,99.24
2016,4,1,30,-999,-999,-999,-999,0.053807288,0.015287325,0.003359671,96.27,-999,-999,-999,-999,0.003989368,0.000746038,-0.000113453,96.27,0.001048763,0.000154461,2.43E-06,96.27,28.874522,0.50693687,0.49452992,99.23
2016,5,1,31,-999,-999,-999,-999,0.059564167,0.010081392,0.004324453,98.44,-999,-999,-999,-999,0.004490763,0.000546345,8.07E-05,98.44,0.001096462,0.000100223,5.48E-05,98.44,27.753428,0.57970411,-0.072745978,99.1
2016,6,1,30,-999,-999,-999,-999,0.068578103,0.01212983,0.005867891,90.89,-999,-999,-999,-999,0.005103643,0.000682262,0.000225903,90.85,0.000993353,0.000147063,-9.93E-06,90.85,27.012492,0.56700802,-0.15672591,99.13
2016,7,1,31,-999,-999,-999,-999,0.062185366,0.009626945,-0.002663252,98.36,-999,-999,-999,-999,0.004860113,0.000517539,-0.000274802,98.36,0.001023394,7.92E-05,5.97E-05,98.36,26.443739,0.50207817,-0.081830284,99.1
2016,8,1,31,-999,-999,-999,-999,0.052910086,0.008565998,-0.007548114,98.33,-999,-999,-999,-999,0.004286002,0.000486559,-0.000610414,98.33,0.001054001,0.000103164,6.34E-05,98.33,26.416685,0.44998607,0.21297669,99.15
2016,9,1,30,-999,-999,-999,-999,0.044479817,0.007356002,-0.007422227,97.63,-999,-999,-999,-999,0.003829795,0.000425597,-0.000710715,97.63,0.001013565,0.000129723,-1.31E-05,97.63,26.708292,0.3622476,0.54359649,99.17
2016,10,1,31,-999,-999,-999,-999,0.039598861,0.006274575,-0.010137295,98.6,-999,-999,-999,-999,0.003442662,0.000350193,-0.000804716,98.6,0.001182617,8.85E-05,7.51E-05,98.6,27.421125,0.25798876,0.90023118,99.13
2016,11,1,30,-999,-999,-999,-999,0.037935089,0.006276305,-0.006157781,76.95,-999,-999,-999,-999,0.003370497,0.000370464,-0.00052945,76.95,0.001245594,0.000168346,3.06E-05,76.95,27.510125,0.35875177,0.35206511,99.2
2016,12,1,31,-999,-999,-999,-999,0.038240312,0.007569766,-0.005050904,94.82,-999,-999,-999,-999,0.003374969,0.000395507,-0.000497552,94.37,0.001244341,0.000144086,1.23E-05,94.37,28.654068,0.19452898,0.74091628,99.17
2017,1,1,31,-999,-999,-999,-999,0.04285002,0.041575943,-0.00046771,97.25,-999,-999,-999,-999,0.003542733,0.001726504,-0.000339719,97.25,0.001252696,0.00070229,2.92E-06,97.25,28.694618,0.31537103,0.47425918,99.2
2017,2,1,28,-999,-999,-999,-999,0.045161405,0.016856013,-0.00126418,93.11,-999,-999,-999,-999,0.003752178,0.000721989,-0.000297589,93.11,0.001258082,0.000204273,6.95E-05,93.11,28.721155,0.4554925,0.35394796,99.17
2017,3,1,31,-999,-999,-999,-999,0.043984527,0.008052494,-0.003337681,94.32,-999,-999,-999,-999,0.00360194,0.000456802,-0.00042972,94.32,0.00116978,0.000129157,6.49E-05,94.32,28.952982,0.17901819,0.414938,99.2
2017,4,1,30,-999,-999,-999,-999,0.052366496,0.015681888,0.001813633,96.07,-999,-999,-999,-999,0.004070052,0.000833219,-4.00E-05,95.99,0.001088283,0.000151728,4.26E-05,95.99,28.440755,0.33444539,0.060162292,99.2
2017,5,1,31,-999,-999,-999,-999,0.054632995,0.019057251,-0.000616469,98.38,-999,-999,-999,-999,0.004200257,0.000877382,-0.000210424,98.38,0.001096522,0.000156877,5.49E-05,98.38,27.928542,0.31075001,0.10270993,99.13
2017,6,1,30,-999,-999,-999,-999,0.056558139,0.015477483,-0.006303552,98.31,-999,-999,-999,-999,0.00430339,0.000780614,-0.000580356,98.31,0.001108812,0.0001406,0.000104564,98.31,27.50445,0.40909234,0.33522873,99.15
2017,7,1,31,-999,-999,-999,-999,0.059769019,0.01369567,-0.005166151,98.62,-999,-999,-999,-999,0.004556444,0.000715449,-0.000582783,98.62,0.00106961,9.70E-05,0.000105546,98.62,27.082789,0.33971072,0.55735375,99.15
2017,8,1,31,-999,-999,-999,-999,0.068779783,0.013483115,0.00827074,98.45,-999,-999,-999,-999,0.005309223,0.00076651,0.000409842,98.45,0.000922995,0.000105448,-6.76E-05,98.45,26.785534,0.30102488,0.58142933,99.13
2017,9,1,30,-999,-999,-999,-999,0.047522008,0.014105325,-0.004510944,95.86,-999,-999,-999,-999,0.004197846,0.000896478,-0.000353965,95.86,0.001139508,0.000167152,0.000112796,95.86,26.333882,0.3841538,0.16910788,99.13
2017,10,1,31,-999,-999,-999,-999,0.040177516,0.008041474,-0.009440886,85.08,-999,-999,-999,-999,0.003704412,0.000495741,-0.000533536,85.08,0.001223863,0.000163088,0.000112818,85.08,26.382495,0.49313112,-0.13806938,99.17
2017,11,1,30,-999,-999,-999,-999,0.037375921,0.008207544,-0.006743791,55.47,-999,-999,-999,-999,0.00347318,0.000465071,-0.000441353,55.47,0.001325202,0.000201645,9.91E-05,55.47,27.088061,0.4269971,-0.070421199,99.12
2017,12,1,31,-999,-999,-999,-999,0.039084491,0.007290823,-0.004110768,93.65,-999,-999,-999,-999,0.003510291,0.000454197,-0.000358373,93.65,0.001289358,0.000137212,5.60E-05,93.65,28.211831,0.24901335,0.29899355,99.18
2018,1,1,31,-999,-999,-999,-999,0.038585394,0.008472018,-0.004001854,88.99,-999,-999,-999,-999,0.003470911,0.000489684,-0.000381462,88.99,0.001291893,0.000137989,5.45E-05,88.99,28.442408,0.18420838,0.22166475,99.18
2018,2,1,28,-999,-999,-999,-999,0.044291837,0.01141604,-0.001277547,68.89,-999,-999,-999,-999,0.003784924,0.000723055,-0.000216757,68.89,0.001173793,0.000215426,-7.95E-06,68.89,28.019721,0.29897509,-0.34814265,99.12
2018,3,1,31,-999,-999,-999,-999,0.048948208,0.009620724,0.00146105,97.01,-999,-999,-999,-999,0.003863834,0.000525854,-0.000177962,97.01,0.001143027,0.00010456,3.80E-05,97.01,28.255332,0.15654164,-0.28305852,99.17
2018,4,1,30,-999,-999,-999,-999,0.051383084,0.012730337,0.000998342,96.95,-999,-999,-999,-999,0.003940132,0.000559411,-0.000159685,96.93,0.001176298,0.000151503,0.000129777,96.93,28.4338,0.25777922,0.053348773,99.15
2018,5,1,31,-999,-999,-999,-999,0.047601835,0.009719376,-0.007657111,98.71,-999,-999,-999,-999,0.003805081,0.000526617,-0.000606446,98.71,0.001123866,7.93E-05,8.23E-05,98.71,27.980995,0.24360783,0.15602339,99.2
2018,6,1,30,-999,-999,-999,-999,0.05141485,0.008014286,-0.011413353,98.72,-999,-999,-999,-999,0.004090542,0.000438744,-0.000792441,98.72,0.001098924,7.77E-05,9.46E-05,98.72,27.452032,0.30427069,0.28304673,99.17
2018,7,1,31,-999,-999,-999,-999,0.057013675,0.01312662,-0.008068751,98.69,-999,-999,-999,-999,0.00448575,0.000747927,-0.000661757,98.69,0.001017361,0.000107953,5.32E-05,98.69,26.63479,0.37970542,0.10932984,99.17
2018,8,1,31,-999,-999,-999,-999,0.048112609,0.008767467,-0.012482767,98.56,-999,-999,-999,-999,0.003989718,0.000381202,-0.000913738,98.56,0.001147014,0.000111378,0.000156137,98.56,26.440624,0.30536628,0.2369247,99.17
2018,9,1,30,-999,-999,-999,-999,0.048341329,0.006917454,-0.00369468,98.31,-999,-999,-999,-999,0.004064066,0.000359688,-0.000483578,98.31,0.001114122,0.000105512,8.74E-05,98.31,26.346272,0.36160648,0.1812663,99.13
2018,10,1,31,-999,-999,-999,-999,0.040037137,0.007146315,-0.009471248,93,-999,-999,-999,-999,0.003698199,0.000420235,-0.000537877,93,0.001260896,0.000131968,0.000152642,93,26.537444,0.51456405,0.016591108,99.17
2018,11,1,30,-999,-999,-999,-999,0.034079842,0.00757473,-0.009781247,88.64,-999,-999,-999,-999,0.003263461,0.000436715,-0.0006423,88.63,0.001358762,0.000151393,0.000143418,88.63,27.422783,0.55198299,0.26488412,99.21
2018,12,1,31,-999,-999,-999,-999,0.035015372,0.008524137,-0.008299359,87.7,-999,-999,-999,-999,0.003243139,0.000467856,-0.000635072,87.7,0.001255714,0.000147813,2.42E-05,87.7,28.378321,0.32711127,0.46554565,99.17
2019,1,1,31,-999,-999,-999,-999,0.040228078,0.007380093,-0.002425849,89.34,-999,-999,-999,-999,0.003391281,0.000434567,-0.000136237,89.34,0.001281137,0.00011942,-3.29E-05,89.34,28.655228,0.34918762,0.43440792,99.15
2019,2,1,28,-999,-999,-999,-999,0.044779545,0.019537906,-0.001046126,79.61,-999,-999,-999,-999,0.003529779,0.000863976,-0.000133423,79.61,0.001205887,0.000187433,-6.20E-05,79.61,28.921991,0.39385369,0.5540747,99.1
2019,3,1,31,-999,-999,-999,-999,0.050754653,0.018087739,0.0034149,96.69,-999,-999,-999,-999,0.003717791,0.000561412,5.80E-05,96.69,0.001234852,0.00012354,3.50E-05,96.69,29.116704,0.32532584,0.57866021,99.2
2019,4,1,30,-999,-999,-999,-999,0.061682409,0.024384464,0.010558309,97.87,-999,-999,-999,-999,0.004142222,0.000939439,0.000368971,97.87,0.001163665,0.000121,5.26E-06,97.87,29.259899,0.43857258,0.74971014,99.13
2019,5,1,31,-999,-999,-999,-999,0.060160579,0.013048027,0.004729771,98.21,-999,-999,-999,-999,0.004202924,0.000663866,0.000162482,98.21,0.001122381,0.000101282,-2.46E-05,98.21,28.297261,0.36471873,0.41779121,99.17
2019,6,1,30,-999,-999,-999,-999,0.059136532,0.012547765,-0.003512101,94.97,-999,-999,-999,-999,0.004024313,0.000648406,-0.000431012,94.97,0.001102947,0.000110401,-1.60E-06,94.97,27.762576,0.37653739,0.56612452,99.13
2019,7,1,31,-999,-999,-999,-999,0.085281126,0.019206008,0.019394536,97.94,-999,-999,-999,-999,0.005825302,0.001430049,0.001094801,97.94,0.000958533,0.000145077,-0.000107018,97.94,26.154971,0.40690249,-0.34910711,99.12
2019,8,1,31,-999,-999,-999,-999,0.060229205,0.008223848,-0.000199761,98.69,-999,-999,-999,-999,0.004512621,0.000437133,-2.04E-05,98.69,0.001076027,6.24E-05,-1.55E-05,98.69,26.180129,0.30117648,-0.016262121,99.15
2019,9,1,30,-999,-999,-999,-999,0.052091562,0.007152758,5.16E-05,98.18,-999,-999,-999,-999,0.004163154,0.000388205,4.20E-05,98.18,0.00112221,0.000112009,-1.07E-05,98.18,26.054096,0.4422691,-0.097182168,99.13
2019,10,1,31,-999,-999,-999,-999,0.043737056,0.006499265,-0.005551287,96.74,-999,-999,-999,-999,0.003665648,0.000330043,-0.00024899,96.74,0.001276849,0.000103488,6.42E-05,96.74,26.652299,0.45536031,0.12310244,99.17
2019,11,1,30,-999,-999,-999,-999,0.040219729,0.006693538,-0.003438106,72.13,-999,-999,-999,-999,0.003369488,0.000327039,-0.000215562,72.13,0.001362168,0.000202633,5.10E-05,72.13,27.157711,0.45533444,-0.016931904,99.17
2019,12,1,31,-999,-999,-999,-999,0.04484673,0.013169507,0.002813625,62.47,-999,-999,-999,-999,0.003640967,0.000689184,0.000143868,62.47,0.001391009,0.000173009,6.32E-05,62.47,27.723713,0.68727281,-0.22428918,92.12
2020,1,1,31,-999,-999,-999,-999,0.041597768,0.005933848,-0.00090743,88.02,-999,-999,-999,-999,0.00354145,0.000330689,1.85E-05,88.02,0.001260427,0.000147821,-5.39E-05,88.02,28.027157,0.34733666,-0.21645219,99.15
2020,2,1,29,-999,-999,-999,-999,0.041341593,0.007969809,-0.004458368,92,-999,-999,-999,-999,0.003377388,0.0003875,-0.000305945,92,0.001186362,0.000118463,-8.24E-05,92,-999,-999,-999,-999
2020,3,1,31,-999,-999,-999,-999,0.044041614,0.009444969,-0.003382318,97.66,-999,-999,-999,-999,0.003304731,0.00040572,-0.00035981,97.66,0.0011902,0.000120407,-9.65E-06,97.66,29.162525,0.25835246,0.55985723,99.13
2020,4,1,30,-999,-999,-999,-999,0.064270174,0.019522875,0.013124525,98.47,-999,-999,-999,-999,-999,-999,-999,-999,-999,-999,-999,-999,29.185196,0.28144061,0.67496165,99.15
2020,5,1,31,-999,-999,-999,-999,-999,-999,-999,-999,-999,-999,-999,-999,-999,-999,-999,-999,-999,-999,-999,-999,-999,-999,-999,-999
2020,6,1,30,-999,-999,-999,-999,-999,-999,-999,-999,-999,-999,-999,-999,-999,-999,-999,-999,-999,-999,-999,-999,-999,-999,-999,-999
2020,7,1,31,-999,-999,-999,-999,-999,-999,-999,-999,-999,-999,-999,-999,-999,-999,-999,-999,-999,-999,-999,-999,-999,-999,-999,-999
2020,8,1,31,-999,-999,-999,-999,-999,-999,-999,-999,-999,-999,-999,-999,-999,-999,-999,-999,-999,-999,-999,-999,-999,-999,-999,-999
2020,9,1,30,-999,-999,-999,-999,-999,-999,-999,-999,-999,-999,-999,-999,-999,-999,-999,-999,-999,-999,-999,-999,-999,-999,-999,-999
2020,10,1,31,-999,-999,-999,-999,-999,-999,-999,-999,-999,-999,-999,-999,-999,-999,-999,-999,-999,-999,-999,-999,-999,-999,-999,-999
2020,11,1,30,-999,-999,-999,-999,-999,-999,-999,-999,-999,-999,-999,-999,-999,-999,-999,-999,-999,-999,-999,-999,-999,-999,-999,-999
2020,12,1,31,-999,-999,-999,-999,-999,-999,-999,-999,-999,-999,-999,-999,-999,-999,-999,-999,-999,-999,-999,-999,-999,-999,-999,-999